,0,1,2,3,4,5,6,7,8,9,10,11,12,13,14,15,16,17,18,19,20,21,22,23,24,25,26,27,28,29,30,31,32,33,34,35,36,37,38,39,40,41,42,43,44,45,46,47,48,49,50,51,52,53,54,55,56,57,58,59,60,61,62,63,64,65,66,67,68,69,70,71,72,73,74,75,76,77,78,79,80,81,82,83,84,85,86,87,88,89,90,91,92,93,94,95,96,97,98,99,100,101,102,103,104,105,106,107,108,109,110,111,112,113,114,115,116,117,118,119,120,121,122,123,124,125,126,127,128,129,130,131,132,133,134,135,136,137,138,139,140,141,142,143,144,145,146,147,148,149,150,151,152,153,154,155,156,157,158,159,160,161,162,163,164,165,166,167,168,169,170,171,172,173,174,175,176,177,178,179,180,181,182,183,184,185,186,187,188,189
0,9.937961,7.714675,9.427505,15.910528,10.058887,11.432333,12.535454,0.0,18.26791,0.0,0.0,0.0,0.0,9.808901,1.1555552,0.0,0.0,13.611518,0.0,0.0,0.0,9.579477,14.212986,0.0,0.0,0.0,0.0,0.0,10.535197,0.0,0.0,2.264666,0.0,10.899904,0.0,0.0,0.0,0.0,0.1686292,12.775346,0.0,0.0,0.0,0.0,0.0,0.0,0.0,0.0,0.0,0.0,0.0,0.0,0.0,0.0,0.0,0.0,0.23287392,0.0,0.0,0.0,0.0,0.0,0.17731416,0.0,0.0,0.0,0.0,0.0,0.0,0.0,0.05643396,0.0,0.0,0.0,0.0,0.0,0.0,0.0,0.0,0.0,0.0,0.34568977,0.0,1.3045442,0.0,0.0,0.0,0.0,0.0,0.0,0.0,0.0,0.0,0.0,0.0,0.0,0.0,0.0,0.0,0.0,0.0,0.0,0.0,0.0,0.0,0.0,0.0,0.0,0.0,0.0,0.0,0.0,0.0,0.0,0.0,0.0,0.0,0.0,0.0,0.0,0.0,0.0,0.0,0.0,0.0,0.0,0.0,0.0,0.0,1.8824174,0.0,0.0,0.0,0.0,0.0,0.0,0.0,0.0,0.0,0.0,0.0,0.0,0.0,0.0,0.0,0.0,0.0,0.0,0.0,0.0,0.0,0.0,0.0,0.0,0.0,0.0,0.0,0.0,0.0,0.0,0.0,0.0,0.0,0.0,0.0,0.0,0.0,0.0,0.0,0.0,0.0,0.0,0.0,0.0,0.0,0.0,0.0,0.0,0.0,0.0,0.0,0.0,0.0,0.0,0.0,0.0,0.0,0.0,0.0,0.0
1,6.9658747,8.186705,7.1271057,10.014123,8.662032,8.335674,10.290575,13.027997,13.394072,0.6171578,0.0,0.0,0.16160871,11.387754,7.3496737,0.9125838,7.1159563,9.974304,7.550294,0.18884455,0.0,0.0,0.0,0.11902532,4.3010383,0.0,0.0,0.0,0.0,7.6917214,0.0,0.28978074,0.0,0.0,0.0,0.0,0.0,0.0,0.41021052,1.5381365,0.0,0.0,0.0,0.0,0.0,0.0,0.0,0.0,0.0,0.0,0.0,0.0,0.0,0.0,4.619828,0.0,0.0,0.0,0.0,0.0,0.0,0.0,0.0,0.3285272,0.0,0.0,0.0,0.0,0.0,0.0,0.0,0.0,0.0,0.0,0.0,0.0,0.0,0.0,0.0,0.0,0.0,0.0,0.0,0.05732525,0.0,0.0,0.0,0.0,0.0,0.0,0.0,0.0,0.09093682,0.0,0.0,0.0,0.0,0.0,0.0,0.0,0.0,0.0,0.0,0.0,0.0,0.0,0.0,0.0,0.0,0.0,0.0,0.0,0.0,0.0,0.0,0.0,0.0,0.0,0.0,0.0,0.0,0.0,0.0,0.0,0.0,0.0,0.0,0.0,0.0,1.1769147,0.0,0.0,0.0,0.0,0.0,0.0,0.0,0.0,0.0,0.0,0.0,0.0,0.0,0.0,0.0,0.0,0.0,0.0,0.0,0.0,0.0,0.0,0.0,0.0,0.0,0.0,0.0,0.0,0.0,0.0,0.0,0.0,0.0,0.0,0.0,0.0,0.0,0.0,0.0,0.0,0.0,0.0,0.0,0.0,0.0,0.0,0.0,0.0,0.0,0.0,0.0,0.0,0.0,0.0,0.0,0.0,0.0,0.0,0.0,0.0
2,12.253792,8.262083,10.129358,18.377834,10.850393,13.355709,15.052795,0.0,22.471424,0.0,0.0,0.0,0.0,10.606826,0.0,0.0,0.0,16.501995,0.0,0.0,0.0,13.83888,20.885958,0.0,0.0,0.0,0.0,0.0,14.550013,0.0,0.0,2.8596232,0.64069676,16.363882,0.0,0.0,0.0,0.0,0.18548085,15.69269,0.0,0.0,0.0,0.0,0.0,0.0,0.0,0.0,0.0,0.0,0.0,0.0,0.0,0.0,0.0,0.0,0.9128345,0.0,0.0,0.0,0.0,0.0,0.4435408,0.0,0.0,0.0,0.0,0.0,0.0,0.0,0.13180462,0.0,0.0,0.0,0.0,0.0,0.0,0.0,0.0,0.0,0.0,1.2528713,0.0,1.8777416,0.0,0.0,0.0,0.0,0.0,0.0,0.0,0.0,0.0,0.03988552,0.0,0.0,0.0,0.0,0.0,0.0,0.0,0.0,0.0,0.0,0.0,0.0,0.0,0.0,0.0,0.0,0.0,0.0,0.0,0.0,0.0,0.0,0.0,0.0,0.0,0.0,0.0,0.0,0.0,0.0,0.0,0.0,0.0,0.0,0.0,2.1035326,0.0,0.0,0.0,0.0,0.0,0.0,0.0,0.0,0.0,0.0,0.0,0.0,0.21809113,0.0,0.0,0.0,0.0,0.0,0.0,0.0,0.0,0.0,0.0,0.0,0.0,0.0,0.0,0.0,0.0,0.0,0.0,0.0,0.0,0.0,0.0,0.0,0.0,0.0,0.0,0.0,0.0,0.0,0.0,0.0,0.0,0.0,0.0,0.0,0.0,0.0,0.0,0.0,0.0,0.0,0.0,0.0,0.0,0.0,0.0,0.0
3,7.315886,7.676355,8.056911,11.781904,9.358047,8.756857,10.672909,6.718507,13.426125,0.0,0.28802305,0.0,0.0,10.275311,5.385324,0.0,3.2833512,10.5718,4.076637,0.030089647,0.0,2.2014165,3.1830773,0.0,0.12621808,0.0,0.0,0.0,3.5725737,2.927514,0.0,0.8864052,0.0,2.33962,0.0,0.0,0.0,0.0,0.17931196,4.070363,0.0,0.0,0.0,0.0,0.0,0.0,0.0,0.0,0.0,0.0,0.0,0.0,0.0,0.0,0.269382,0.0,0.0,0.0,0.0,0.0,0.0,0.0,0.0,0.20523533,0.0,0.0,0.0,0.0,0.0,0.0,0.0,0.0,0.0,0.0,0.0,0.0,0.0,0.0,0.0,0.0,0.0,0.0,0.0,0.25805348,0.0,0.0,0.0,0.0,0.0,0.0,0.0,0.0,0.0,0.0,0.0,0.0,0.0,0.0,0.0,0.0,0.0,0.0,0.0,0.0,0.0,0.0,0.0,0.0,0.0,0.0,0.0,0.0,0.0,0.0,0.0,0.0,0.0,0.0,0.0,0.0,0.0,0.0,0.0,0.0,0.0,0.0,0.0,0.0,0.0,1.3752602,0.0,0.0,0.0,0.0,0.0,0.0,0.0,0.0,0.0,0.0,0.0,0.0,0.0,0.0,0.0,0.0,0.0,0.0,0.0,0.0,0.0,0.0,0.0,0.0,0.0,0.0,0.0,0.0,0.0,0.0,0.0,0.0,0.0,0.0,0.0,0.0,0.0,0.0,0.0,0.0,0.0,0.0,0.0,0.0,0.0,0.0,0.0,0.0,0.0,0.0,0.0,0.0,0.0,0.0,0.0,0.0,0.0,0.0,0.0,0.0
4,6.4973326,7.7228856,7.048862,10.289614,8.678317,7.821819,9.88038,10.189049,12.866331,0.30586717,0.0,0.0,0.27845877,10.96308,6.5627947,0.28760284,5.347911,9.695353,5.995372,0.12919554,0.0,0.43452895,0.58204746,0.09102683,2.2115953,0.0,0.0,0.0,1.0230229,5.942942,0.0,0.63454705,0.0,0.0,0.0,0.0,0.0,0.0,0.4055358,1.8886958,0.0,0.0,0.0,0.0,0.0,0.0,0.0,0.04079698,0.0,0.0,0.0,0.0,0.0,0.0,2.7905817,0.0,0.0,0.0,0.0,0.0,0.0,0.0,0.0,0.26311308,0.0,0.0,0.0,0.0,0.0,0.0,0.0,0.0,0.0,0.0,0.0,0.0,0.0,0.0,0.0,0.0,0.0,0.0,0.0,0.13898112,0.0,0.0,0.0,0.0,0.0,0.0,0.0,0.0,0.050360415,0.0,0.0,0.0,0.0,0.0,0.0,0.0,0.0,0.0,0.0,0.0,0.0,0.0,0.0,0.0,0.0,0.0,0.0,0.0,0.0,0.0,0.0,0.0,0.0,0.0,0.0,0.0,0.0,0.0,0.0,0.0,0.0,0.0,0.0,0.0,0.0,1.2361579,0.0,0.0,0.0,0.0,0.0,0.0,0.0,0.0,0.0,0.0,0.0,0.0,0.0,0.0,0.0,0.0,0.0,0.0,0.0,0.0,0.0,0.0,0.0,0.0,0.0,0.0,0.0,0.0,0.0,0.0,0.0,0.0,0.0,0.0,0.0,0.0,0.0,0.0,0.0,0.0,0.0,0.0,0.0,0.0,0.0,0.0,0.0,0.0,0.0,0.0,0.0,0.0,0.0,0.0,0.0,0.0,0.0,0.0,0.0,0.0
5,4.6421,6.3586264,4.436015,17.505596,8.940855,4.2562275,4.7149277,0.0,14.645988,0.0,0.0,0.0,4.292717,13.143896,1.2889781,0.0,0.0,4.852676,0.0,0.0,0.0,8.595749,20.31531,0.0,0.0,0.0,0.0,0.0,9.785484,0.0,0.0,1.3883162,2.2601619,11.628689,0.0,0.0,0.0,0.0,0.0,10.659295,0.0,0.0,0.0,0.0,0.0,0.0,0.0,0.0,0.0,0.0,1.3783189,0.0,0.0,0.0,0.0,0.0,1.6789511,0.0,0.0,0.0,0.0,0.0,0.65733874,0.0,0.0,0.0,0.0,0.0,0.0,0.39131916,0.01594992,0.0,0.0,0.0,0.0,0.0,0.0,0.0,0.0029093176,0.0,0.0,0.57405806,0.0,0.8671848,0.19116855,0.0,0.0,0.0,0.0,0.0,0.0,0.0,0.0,0.5601555,0.0,0.0,0.0,0.0,0.9542353,0.0,0.0,0.0,0.0,0.0,0.0,0.0,0.0,0.0,0.0,0.0,0.0,0.0,0.0,0.0,0.0,0.0,0.0,0.0,0.0,0.0,0.0,0.0,0.0,0.0,0.0,0.0,0.0,0.0,0.0,2.4762144,0.0,0.0,0.0,0.0,0.0,0.0,0.0,0.0,0.0,0.0,0.0,0.0,0.0,0.0,0.0,0.0,0.0,0.0,0.0,0.0,0.0,0.0,0.0,0.0,0.0,0.0,0.0,0.0,0.0,0.0,0.0,0.0,0.0,0.0,0.0,0.0,0.0,0.0,0.0,0.0,0.0,0.0,0.0,0.0,0.0,0.0,0.0,0.0,0.0,0.0,0.0,0.0,0.0,0.0,0.0,0.0,0.0,0.0,0.0,0.0
6,0.0,2.722341,0.0,17.531788,2.0135498,0.0,0.0,0.0,0.0,0.0,0.0,0.0,33.128376,30.798317,7.9596806,0.0,0.0,0.0,0.0,0.0,0.0,0.0,23.709524,0.0,0.0,0.0,0.34876603,0.0,0.0,0.0,0.87332773,0.0,11.727601,0.0,0.0,0.0,0.0,0.0,0.0,0.0,0.0,0.0,0.0,0.0,0.0,0.0,0.0,0.0,0.0,6.550608,12.345592,11.255461,0.0,0.0,0.0,0.0,6.828902,12.763995,5.0258007,0.0,0.0,0.0,2.2897978,0.0,0.0,0.0,0.0,0.0,0.0,3.2553532,0.0,0.0,0.0,0.0,0.0,0.0,0.0,0.0,1.0405234,0.0,0.0,0.0,0.0,0.0,9.24825,0.0,0.0,0.0,0.0,0.0,0.0,0.0,0.0,4.110302,0.0,0.0,7.250568,0.0,17.229546,0.0,0.0,2.0681465,0.0,0.0,0.0,0.0,0.0,0.0,0.0,0.0,0.0,0.0,0.0,0.0,0.0,0.0,0.0,0.0,0.0,0.0,0.0,0.0,0.0,0.0,0.0,0.0,0.0,0.0,0.0,4.1454945,0.0,0.0,0.0,0.0,0.0,0.0,0.0,0.0,0.0,0.0,0.0,0.0,0.0,0.0,0.0,0.0,0.0,0.0,0.0,0.0,0.0,0.0,0.0,0.0,0.0,0.0,0.0,0.0,0.0,0.0,0.0,0.0,0.0,0.0,0.0,0.0,0.0,0.0,0.0,1.7716235,0.0,0.0,0.0,0.0,0.0,3.4180758,0.0,0.0,0.0,0.0,0.0,0.0,0.0,0.0,0.0,0.0,0.0,0.0,0.0,0.0
7,0.0,0.0,0.0,19.920063,0.0,0.0,0.0,0.0,0.0,0.0,0.0,0.0,95.947205,71.22338,18.463478,0.0,0.0,0.0,0.0,0.0,0.045394897,0.0,47.183636,0.0,0.0,5.847474,1.6042154,0.1697619,0.0,0.0,6.96001,0.0,32.45477,0.0,0.0,0.0,0.0,0.0,0.0,0.0,0.1315121,0.0,0.0,0.5787797,0.0,0.0,2.5176234,0.0,0.0,25.282713,35.95828,37.547478,0.0,0.0,0.0,0.0,18.903936,43.17522,18.409534,0.0,0.0,0.0,7.000885,0.0,0.0,0.0,0.0,5.4978023,1.5327795,10.29879,0.0,0.0,0.0,0.0,0.0,0.0,0.0,0.0,3.7240164,0.0,0.0,0.0,3.0324614,0.0,27.781212,0.0,0.0,0.0,0.0,0.0,0.0,0.13548994,0.0,11.616221,0.0,0.0,24.867668,0.011461616,52.247387,0.0,0.0,16.117762,0.0,0.10017276,0.0,0.0,0.0,0.0,0.0,0.0,0.0,0.0,0.0,0.0,0.0,0.0,0.0,0.0,1.5993221,0.0,0.23788702,0.0,0.0,0.0,0.1397368,0.0,0.0,0.0,0.0,7.8870726,0.03665638,0.0,0.0,2.8075466,0.0,0.0,0.0,0.0,0.0,0.0,0.0,0.0,0.0,0.0,0.0,0.9760995,0.0,0.0,0.0,0.0,0.40125513,0.0,0.0,0.0,0.0,0.0,0.11326122,2.05228,0.0,0.045191318,0.0,0.0,0.0,0.5000481,0.0,0.07107225,0.36881578,0.0,0.0,6.163555,0.0,0.0,0.64042693,0.0,0.0,18.29942,0.0,0.0,0.0,0.0,0.0,0.0,0.0,0.0,0.0,0.0,0.0,0.0,0.0,0.0
8,0.0,0.42060423,0.0,20.364693,0.0,0.0,0.0,0.0,0.0,0.0,0.0,0.0,62.512844,49.114723,12.808237,0.0,0.0,0.0,0.0,0.0,0.0,0.0,34.329468,0.0,0.0,0.9732795,0.9206414,0.0,0.0,0.0,3.6034353,0.0,21.836025,0.0,0.0,0.0,0.0,0.0,0.0,0.0,0.0,0.0,0.0,0.0,0.0,0.0,0.10040808,0.0,0.0,15.165344,23.851141,24.005634,0.0,0.0,0.0,0.0,12.6050625,27.17381,11.097831,0.0,0.0,0.0,4.223438,0.0,0.0,0.0,0.0,0.051077724,0.0,6.2492304,0.0,0.0,0.0,0.0,0.0,0.0,0.0,0.0,2.1628375,0.0,0.0,0.0,0.2774148,0.0,18.525135,0.0,0.0,0.0,0.0,0.0,0.0,0.0,0.0,7.818155,0.0,0.0,15.716354,0.0,34.49055,0.0,0.0,8.162267,0.0,0.0,0.0,0.0,0.0,0.0,0.0,0.0,0.0,0.0,0.0,0.0,0.0,0.0,0.0,0.0,0.66871,0.0,0.0,0.0,0.0,0.0,0.0,0.0,0.0,0.0,0.0,6.06653,0.0,0.0,0.0,1.0020099,0.0,0.0,0.0,0.0,0.0,0.0,0.0,0.0,0.0,0.0,0.0,0.18412185,0.0,0.0,0.0,0.0,0.0,0.0,0.0,0.0,0.0,0.0,0.0,0.80454826,0.0,0.0,0.0,0.0,0.0,0.18446559,0.0,0.0,0.010314643,0.0,0.0,3.909562,0.0,0.0,0.039315343,0.0,0.0,10.2300825,0.0,0.0,0.0,0.0,0.0,0.0,0.0,0.0,0.0,0.0,0.0,0.0,0.0,0.0
9,7.3048406,7.8145165,7.9737253,11.308575,9.303181,8.795718,10.607892,8.266595,13.4471035,0.0,0.14772981,0.0,0.0,10.622811,5.9096556,0.0,4.274453,10.508592,4.8951197,0.017454132,0.0,1.3232948,1.8387171,0.0,1.2160473,0.0,0.0,0.0,2.6446538,4.2163086,0.0,0.68676174,0.0,1.2730564,0.0,0.0,0.0,0.0,0.19228625,2.7075596,0.0,0.0,0.0,0.0,0.0,0.0,0.0,0.0,0.0,0.0,0.0,0.0,0.0,0.0,1.3659437,0.0,0.0,0.0,0.0,0.0,0.0,0.0,0.0,0.22885579,0.0,0.0,0.0,0.0,0.0,0.0,0.0,0.0,0.0,0.0,0.0,0.0,0.0,0.0,0.0,0.0,0.0,0.0,0.0,0.17686914,0.0,0.0,0.0,0.0,0.0,0.0,0.0,0.0,0.01810167,0.0,0.0,0.0,0.0,0.0,0.0,0.0,0.0,0.0,0.0,0.0,0.0,0.0,0.0,0.0,0.0,0.0,0.0,0.0,0.0,0.0,0.0,0.0,0.0,0.0,0.0,0.0,0.0,0.0,0.0,0.0,0.0,0.0,0.0,0.0,0.0,1.3198308,0.0,0.0,0.0,0.0,0.0,0.0,0.0,0.0,0.0,0.0,0.0,0.0,0.0,0.0,0.0,0.0,0.0,0.0,0.0,0.0,0.0,0.0,0.0,0.0,0.0,0.0,0.0,0.0,0.0,0.0,0.0,0.0,0.0,0.0,0.0,0.0,0.0,0.0,0.0,0.0,0.0,0.0,0.0,0.0,0.0,0.0,0.0,0.0,0.0,0.0,0.0,0.0,0.0,0.0,0.0,0.0,0.0,0.0,0.0,0.0
10,16.151653,10.327701,12.078804,18.290432,22.438568,13.358789,4.230566,30.976704,24.45945,8.48784,3.9670982,15.990292,9.991016,0.0,10.618716,12.352604,9.084487,3.2205162,0.900826,4.593129,10.446463,8.721264,6.178236,0.45450073,9.825608,14.974464,0.0,0.0,0.0,0.105071545,3.5261848,1.4704349,0.17118144,0.0,12.283776,0.0,0.0,0.0,0.0,0.0,0.0,4.531322,0.0,0.0,0.0,0.0,0.0,3.5366144,0.0,0.0,0.0,0.0,8.293242,2.6907206,0.0,0.0,0.0,0.0,0.0,0.0,0.73675084,0.0,0.0,0.02256617,2.4222386,0.0,0.0,0.0,0.0,0.0,0.0,0.0,0.0,7.9306903,1.5127581,0.17232475,0.0,0.0,0.0,0.0,0.0,3.791793,0.0,2.8613224,0.0,0.0,0.0,0.4361946,0.0,0.0,0.0,0.0,0.0,0.0,0.0,0.0,0.0,0.0,0.0,0.0,0.83580184,0.0,0.0,0.0,0.0,4.956719,0.0,0.0,0.0,0.0,0.0,0.0,0.0,1.0299025,0.0,0.0,0.0,0.0,0.0,0.0,0.0,0.0,0.0,2.2786682,0.0,0.0,0.0,2.8076699,0.0,0.007268071,0.0,0.0,0.0,0.0,0.0,0.0,0.0,0.0,0.0,0.0,0.0,0.0,0.0,0.0,0.0,0.0,0.0,0.0,0.0,0.0,0.0,0.0,0.0,0.0,0.0,0.0,0.0,0.0,0.0,2.6597435,0.0,0.0,0.0,0.0,0.0,0.0,0.0,0.0,0.0,0.0,0.0,0.0,0.0,0.0,0.0,0.0,0.0,0.0,0.0,0.0,0.0,0.0,0.0,0.0,0.0,0.0,0.0,0.0,0.0,0.0
11,0.0,0.0,0.0,17.682487,0.0,0.0,0.0,0.0,0.0,0.0,0.0,0.0,79.13232,58.670944,17.510248,0.0,0.0,0.0,0.0,0.0,0.0,0.0,35.298405,0.0,0.0,3.5092711,1.2255644,0.0,0.0,0.0,5.7183237,0.0,26.056343,0.0,0.0,0.0,0.0,0.0,0.0,0.0,0.0,0.0,0.0,0.2452231,0.0,0.0,0.8679261,0.0,0.0,20.458174,29.26985,30.546005,0.0,0.0,0.0,0.0,14.971311,34.85639,15.052913,0.0,0.0,0.0,5.398944,0.0,0.0,0.0,0.0,2.5576239,1.3264856,8.213516,0.0,0.0,0.0,0.0,0.0,0.0,0.0,0.0,2.8908453,0.0,0.0,0.0,1.7089136,0.0,22.30303,0.0,0.0,0.0,0.0,0.0,0.0,0.0,0.0,9.375795,0.0,0.0,20.303963,0.0,42.570976,0.0,0.0,13.356366,0.0,0.4081374,0.0,0.0,0.0,0.0,0.0,0.0,0.0,0.0,0.0,0.0,0.0,0.0,0.0,0.0,1.0015707,0.0,0.05533576,0.0,0.0,0.0,0.02351293,0.0,0.0,0.0,0.0,6.724413,0.0,0.0,0.0,2.3908014,0.0,0.0,0.0,0.0,0.0,0.0,0.0,0.0,0.0,0.0,0.0,0.38903165,0.0,0.0,0.0,0.0,0.25200152,0.0,0.0,0.0,0.0,0.0,0.0,1.5208108,0.0,0.027936667,0.0,0.0,0.0,0.40530503,0.0,0.0,0.17924577,0.0,0.0,4.937633,0.0,0.0,0.39438862,0.0,0.0,14.997032,0.0,0.0,0.0,0.0,0.0,0.0,0.0,0.0,0.0,0.0,0.0,0.0,0.0,0.0
12,14.9496355,13.785135,14.500603,14.604679,13.632996,16.155277,18.936317,26.468254,23.146671,0.0,0.0,0.0,0.0,16.965393,11.62372,0.0,16.124477,20.10505,13.297398,0.0,0.0,0.0,0.0,0.0,13.608986,0.0,0.0,0.0,0.0,15.513022,0.0,0.0,0.0,0.0,0.0,0.0,0.0,0.0,0.10131687,0.0,0.0,0.0,0.0,0.0,0.0,0.0,0.0,0.0,0.08117394,0.0,0.0,0.0,0.0,0.0,12.681693,0.0,0.0,0.0,0.0,0.0,0.207733,0.0,0.0,0.04167062,0.0,0.0,0.0,0.0,0.0,0.0,0.0,0.41660202,0.0,0.0,0.0,0.0,0.0,0.0,0.0,0.0,0.0,0.0,0.0,0.0,0.0,0.0,0.0,0.0,0.0,0.0,0.0,0.0,0.36513647,0.0,0.0,0.0,0.0,0.0,0.0,0.0,0.0,0.0,0.0,0.0,0.0,0.0,0.0,0.0,0.0,0.0,0.0,0.0,0.0,0.0,0.0,0.0,0.0,0.0,0.0,0.0,0.0,0.0,0.0,0.0,0.0,0.0,0.0,0.0,0.0,1.0565358,0.0,0.0,0.0,0.0,0.0,0.0,0.0,0.0,0.0,0.0,0.0,0.0,0.0,0.0,0.0,0.0,0.0,0.0,0.0,0.0,0.0,0.0,0.0,0.0,0.0,0.0,0.0,0.0,0.0,0.0,0.0,0.0,0.0,0.0,0.0,0.0,0.0,0.0,0.0,0.0,0.0,0.0,0.0,0.0,0.0,0.0,0.0,0.0,0.0,0.0,0.0,0.0,0.0,0.0,0.0,0.0,0.0,0.0,0.0,0.0
13,14.320504,13.34397,13.91956,14.242937,13.241277,15.539082,18.25502,25.409142,22.378155,0.0,0.0,0.0,0.0,16.525867,11.286919,0.0,15.414593,19.306732,12.844517,0.0,0.0,0.0,0.0,0.0,12.875505,0.0,0.0,0.0,0.0,14.896692,0.0,0.0,0.0,0.0,0.0,0.0,0.0,0.0,0.12565812,0.0,0.0,0.0,0.0,0.0,0.0,0.0,0.0,0.0,0.072058596,0.0,0.0,0.0,0.0,0.0,12.046407,0.0,0.0,0.0,0.0,0.0,0.17197385,0.0,0.0,0.064275324,0.0,0.0,0.0,0.0,0.0,0.0,0.0,0.37282455,0.0,0.0,0.0,0.0,0.0,0.0,0.0,0.0,0.0,0.0,0.0,0.0,0.0,0.0,0.0,0.0,0.0,0.0,0.0,0.0,0.34352913,0.0,0.0,0.0,0.0,0.0,0.0,0.0,0.0,0.0,0.0,0.0,0.0,0.0,0.0,0.0,0.0,0.0,0.0,0.0,0.0,0.0,0.0,0.0,0.0,0.0,0.0,0.0,0.0,0.0,0.0,0.0,0.0,0.0,0.0,0.0,0.0,1.0660219,0.0,0.0,0.0,0.0,0.0,0.0,0.0,0.0,0.0,0.0,0.0,0.0,0.0,0.0,0.0,0.0,0.0,0.0,0.0,0.0,0.0,0.0,0.0,0.0,0.0,0.0,0.0,0.0,0.0,0.0,0.0,0.0,0.0,0.0,0.0,0.0,0.0,0.0,0.0,0.0,0.0,0.0,0.0,0.0,0.0,0.0,0.0,0.0,0.0,0.0,0.0,0.0,0.0,0.0,0.0,0.0,0.0,0.0,0.0,0.0
14,14.04689,13.152105,13.6668625,14.085613,13.070916,15.271095,17.958721,24.948528,22.04392,0.0,0.0,0.0,0.0,16.334715,11.140442,0.0,15.10586,18.95954,12.647556,0.0,0.0,0.0,0.0,0.0,12.556512,0.0,0.0,0.0,0.0,14.628647,0.0,0.0,0.0,0.0,0.0,0.0,0.0,0.0,0.13624427,0.0,0.0,0.0,0.0,0.0,0.0,0.0,0.0,0.0,0.06809428,0.0,0.0,0.0,0.0,0.0,11.770117,0.0,0.0,0.0,0.0,0.0,0.15642205,0.0,0.0,0.074106246,0.0,0.0,0.0,0.0,0.0,0.0,0.0,0.3537855,0.0,0.0,0.0,0.0,0.0,0.0,0.0,0.0,0.0,0.0,0.0,0.0,0.0,0.0,0.0,0.0,0.0,0.0,0.0,0.0,0.334132,0.0,0.0,0.0,0.0,0.0,0.0,0.0,0.0,0.0,0.0,0.0,0.0,0.0,0.0,0.0,0.0,0.0,0.0,0.0,0.0,0.0,0.0,0.0,0.0,0.0,0.0,0.0,0.0,0.0,0.0,0.0,0.0,0.0,0.0,0.0,0.0,1.0701474,0.0,0.0,0.0,0.0,0.0,0.0,0.0,0.0,0.0,0.0,0.0,0.0,0.0,0.0,0.0,0.0,0.0,0.0,0.0,0.0,0.0,0.0,0.0,0.0,0.0,0.0,0.0,0.0,0.0,0.0,0.0,0.0,0.0,0.0,0.0,0.0,0.0,0.0,0.0,0.0,0.0,0.0,0.0,0.0,0.0,0.0,0.0,0.0,0.0,0.0,0.0,0.0,0.0,0.0,0.0,0.0,0.0,0.0,0.0,0.0
15,9.354531,9.861695,9.333178,11.387568,10.149292,10.675217,12.87729,17.04918,16.311947,0.29136556,0.0,0.0,0.0,13.056525,8.628423,0.37820566,9.811211,13.005316,9.269766,0.11981189,0.0,0.0,0.0,0.018555075,7.0858774,0.0,0.0,0.0,0.0,10.031772,0.0,0.0,0.0,0.0,0.0,0.0,0.0,0.0,0.3177928,0.0,0.0,0.0,0.0,0.0,0.0,0.0,0.0,0.0,0.00010777637,0.0,0.0,0.0,0.0,0.0,7.0318527,0.0,0.0,0.0,0.0,0.0,0.0,0.0,0.0,0.24270277,0.0,0.0,0.0,0.0,0.0,0.0,0.0,0.027272806,0.0,0.0,0.0,0.0,0.0,0.0,0.0,0.0,0.0,0.0,0.0,0.0,0.0,0.0,0.0,0.0,0.0,0.0,0.0,0.0,0.17297444,0.0,0.0,0.0,0.0,0.0,0.0,0.0,0.0,0.0,0.0,0.0,0.0,0.0,0.0,0.0,0.0,0.0,0.0,0.0,0.0,0.0,0.0,0.0,0.0,0.0,0.0,0.0,0.0,0.0,0.0,0.0,0.0,0.0,0.0,0.0,0.0,1.1408987,0.0,0.0,0.0,0.0,0.0,0.0,0.0,0.0,0.0,0.0,0.0,0.0,0.0,0.0,0.0,0.0,0.0,0.0,0.0,0.0,0.0,0.0,0.0,0.0,0.0,0.0,0.0,0.0,0.0,0.0,0.0,0.0,0.0,0.0,0.0,0.0,0.0,0.0,0.0,0.0,0.0,0.0,0.0,0.0,0.0,0.0,0.0,0.0,0.0,0.0,0.0,0.0,0.0,0.0,0.0,0.0,0.0,0.0,0.0,0.0
16,10.463192,7.5672812,8.908957,17.117016,10.034939,11.453255,12.770231,0.0,19.517174,0.0,0.0,0.0,0.0,10.2582445,0.0139017105,0.0,0.0,13.892117,0.0,0.0,0.0,11.562439,18.035686,0.0,0.0,0.0,0.0,0.0,12.302202,0.0,0.0,2.4287694,0.52590203,13.62378,0.0,0.0,0.0,0.0,0.0,14.098782,0.0,0.0,0.0,0.0,0.0,0.0,0.0,0.0,0.0,0.0,0.0,0.0,0.0,0.0,0.0,0.0,0.71711946,0.0,0.0,0.0,0.0,0.0,0.3739602,0.0,0.0,0.0,0.0,0.0,0.0,0.0,0.0886208,0.0,0.0,0.0,0.0,0.0,0.0,0.0,0.0,0.0,0.0,0.893178,0.0,1.5631573,0.0,0.0,0.0,0.0,0.0,0.0,0.0,0.0,0.0,0.0,0.0,0.0,0.0,0.0,0.0,0.0,0.0,0.0,0.0,0.0,0.0,0.0,0.0,0.0,0.0,0.0,0.0,0.0,0.0,0.0,0.0,0.0,0.0,0.0,0.0,0.0,0.0,0.0,0.0,0.0,0.0,0.0,0.0,0.0,0.0,2.0165064,0.0,0.0,0.0,0.0,0.0,0.0,0.0,0.0,0.0,0.0,0.0,0.0,0.088082016,0.0,0.0,0.0,0.0,0.0,0.0,0.0,0.0,0.0,0.0,0.0,0.0,0.0,0.0,0.0,0.0,0.0,0.0,0.0,0.0,0.0,0.0,0.0,0.0,0.0,0.0,0.0,0.0,0.0,0.0,0.0,0.0,0.0,0.0,0.0,0.0,0.0,0.0,0.0,0.0,0.0,0.0,0.0,0.0,0.0,0.0,0.0
17,12.325443,11.944979,12.076998,13.095803,11.9990835,13.585042,16.094538,22.050558,19.941078,0.0,0.0,0.0,0.0,15.132072,10.218878,0.0,13.163454,16.775162,11.408374,0.033951953,0.0,0.0,0.0,0.0,10.549545,0.0,0.0,0.0,0.0,12.942228,0.0,0.0,0.0,0.0,0.0,0.0,0.0,0.0,0.20284751,0.0,0.0,0.0,0.0,0.0,0.0,0.0,0.0,0.0,0.043152623,0.0,0.0,0.0,0.0,0.0,10.031828,0.0,0.0,0.0,0.0,0.0,0.058577,0.0,0.0,0.1359579,0.0,0.0,0.0,0.0,0.0,0.0,0.0,0.23400041,0.0,0.0,0.0,0.0,0.0,0.0,0.0,0.0,0.0,0.0,0.0,0.0,0.0,0.0,0.0,0.0,0.0,0.0,0.0,0.0,0.27500942,0.0,0.0,0.0,0.0,0.0,0.0,0.0,0.0,0.0,0.0,0.0,0.0,0.0,0.0,0.0,0.0,0.0,0.0,0.0,0.0,0.0,0.0,0.0,0.0,0.0,0.0,0.0,0.0,0.0,0.0,0.0,0.0,0.0,0.0,0.0,0.0,1.0961034,0.0,0.0,0.0,0.0,0.0,0.0,0.0,0.0,0.0,0.0,0.0,0.0,0.0,0.0,0.0,0.0,0.0,0.0,0.0,0.0,0.0,0.0,0.0,0.0,0.0,0.0,0.0,0.0,0.0,0.0,0.0,0.0,0.0,0.0,0.0,0.0,0.0,0.0,0.0,0.0,0.0,0.0,0.0,0.0,0.0,0.0,0.0,0.0,0.0,0.0,0.0,0.0,0.0,0.0,0.0,0.0,0.0,0.0,0.0,0.0
18,6.5444913,6.934324,7.277449,11.611489,8.68649,8.049618,9.701973,4.189999,12.542977,0.07825452,0.01611495,0.0,0.14896463,9.356033,4.381725,0.0,1.8843465,9.526335,2.9613333,0.047822118,0.0,3.428536,4.8396106,0.0,0.0,0.0,0.0,0.0,4.392921,0.9811263,0.0,1.2020793,0.0,3.2684236,0.0,0.0,0.0,0.0,0.21592742,6.1544857,0.0,0.0,0.0,0.0,0.0,0.0,0.0,0.0,0.0,0.0,0.0,0.0,0.0,0.0,0.0,0.0,0.0,0.0,0.0,0.0,0.0,0.0,0.0,0.19028747,0.0,0.0,0.0,0.0,0.0,0.0,0.0,0.0,0.0,0.0,0.0,0.0,0.0,0.0,0.0,0.0,0.0,0.0,0.0,0.4460481,0.0,0.0,0.0,0.0,0.0,0.0,0.0,0.0,0.0,0.0,0.0,0.0,0.0,0.0,0.0,0.0,0.0,0.0,0.0,0.0,0.0,0.0,0.0,0.0,0.0,0.0,0.0,0.0,0.0,0.0,0.0,0.0,0.0,0.0,0.0,0.0,0.0,0.0,0.0,0.0,0.0,0.0,0.0,0.0,0.0,1.4528615,0.0,0.0,0.0,0.0,0.0,0.0,0.0,0.0,0.0,0.0,0.0,0.0,0.0,0.0,0.0,0.0,0.0,0.0,0.0,0.0,0.0,0.0,0.0,0.0,0.0,0.0,0.0,0.0,0.0,0.0,0.0,0.0,0.0,0.0,0.0,0.0,0.0,0.0,0.0,0.0,0.0,0.0,0.0,0.0,0.0,0.0,0.0,0.0,0.0,0.0,0.0,0.0,0.0,0.0,0.0,0.0,0.0,0.0,0.0,0.0
19,14.959735,13.792216,14.50993,14.610486,13.639284,16.165169,18.947254,26.485254,23.159008,0.0,0.0,0.0,0.0,16.972448,11.629126,0.0,16.135872,20.117863,13.3046665,0.0,0.0,0.0,0.0,0.0,13.62076,0.0,0.0,0.0,0.0,15.522916,0.0,0.0,0.0,0.0,0.0,0.0,0.0,0.0,0.1009261,0.0,0.0,0.0,0.0,0.0,0.0,0.0,0.0,0.0,0.08132026,0.0,0.0,0.0,0.0,0.0,12.691892,0.0,0.0,0.0,0.0,0.0,0.208307,0.0,0.0,0.041307777,0.0,0.0,0.0,0.0,0.0,0.0,0.0,0.41730475,0.0,0.0,0.0,0.0,0.0,0.0,0.0,0.0,0.0,0.0,0.0,0.0,0.0,0.0,0.0,0.0,0.0,0.0,0.0,0.0,0.3654833,0.0,0.0,0.0,0.0,0.0,0.0,0.0,0.0,0.0,0.0,0.0,0.0,0.0,0.0,0.0,0.0,0.0,0.0,0.0,0.0,0.0,0.0,0.0,0.0,0.0,0.0,0.0,0.0,0.0,0.0,0.0,0.0,0.0,0.0,0.0,0.0,1.0563836,0.0,0.0,0.0,0.0,0.0,0.0,0.0,0.0,0.0,0.0,0.0,0.0,0.0,0.0,0.0,0.0,0.0,0.0,0.0,0.0,0.0,0.0,0.0,0.0,0.0,0.0,0.0,0.0,0.0,0.0,0.0,0.0,0.0,0.0,0.0,0.0,0.0,0.0,0.0,0.0,0.0,0.0,0.0,0.0,0.0,0.0,0.0,0.0,0.0,0.0,0.0,0.0,0.0,0.0,0.0,0.0,0.0,0.0,0.0,0.0
20,0.0,4.678977,0.0,16.512857,6.454476,0.0,0.0,0.0,3.1101856,0.0,0.0,0.0,12.151742,18.407917,2.7562203,0.0,0.0,0.0,0.0,0.0,0.0,5.018392,22.369072,0.0,0.0,0.0,0.0,0.0,3.638969,0.0,0.0,0.0,5.430806,7.9763074,0.0,0.0,0.0,0.0,0.0,6.022065,0.0,0.0,0.0,0.0,0.0,0.0,0.0,0.0,0.0,0.5941511,4.6777554,2.2483926,0.0,0.0,0.0,0.0,3.3700032,3.0452056,0.5469569,0.0,0.0,0.0,1.3090994,0.0,0.0,0.0,0.0,0.0,0.0,1.4172523,0.0,0.0,0.0,0.0,0.0,0.0,0.0,0.0,0.4110701,0.0,0.0,0.57234204,0.0,0.0,3.047163,0.0,0.0,0.0,0.0,0.0,0.0,0.0,0.0,1.6663095,0.0,0.0,1.1305193,0.0,5.277688,0.0,0.0,0.0,0.0,0.0,0.0,0.0,0.0,0.0,0.0,0.0,0.0,0.0,0.0,0.0,0.0,0.0,0.0,0.0,0.0,0.0,0.0,0.0,0.0,0.0,0.0,0.0,0.0,0.0,0.0,3.023019,0.0,0.0,0.0,0.0,0.0,0.0,0.0,0.0,0.0,0.0,0.0,0.0,0.0,0.0,0.0,0.0,0.0,0.0,0.0,0.0,0.0,0.0,0.0,0.0,0.0,0.0,0.0,0.0,0.0,0.0,0.0,0.0,0.0,0.0,0.0,0.0,0.0,0.0,0.0,0.31873488,0.0,0.0,0.0,0.0,0.0,0.0,0.0,0.0,0.0,0.0,0.0,0.0,0.0,0.0,0.0,0.0,0.0,0.0,0.0,0.0
21,0.0,0.30520582,0.0,17.426493,0.0,0.0,0.0,0.0,0.0,0.0,0.0,0.0,55.515,43.466423,13.115076,0.0,0.0,0.0,0.0,0.0,0.0,0.0,26.185692,0.0,0.0,0.38738465,0.7783263,0.0,0.0,0.0,3.4304113,0.0,18.5864,0.0,0.0,0.0,0.0,0.0,0.0,0.0,0.0,0.0,0.0,0.0,0.0,0.0,0.0,0.0,0.0,13.322788,20.71782,21.003792,0.0,0.0,0.0,0.0,10.560885,23.722557,9.89135,0.0,0.0,0.0,3.4378705,0.0,0.0,0.0,0.0,0.0,0.0,5.41337,0.0,0.0,0.0,0.0,0.0,0.0,0.0,0.0,1.8449987,0.0,0.0,0.0,0.0,0.0,15.834642,0.0,0.0,0.0,0.0,0.0,0.0,0.0,0.0,6.688513,0.0,0.0,13.816849,0.0,29.92524,0.0,0.0,7.695101,0.0,0.0,0.0,0.0,0.0,0.0,0.0,0.0,0.0,0.0,0.0,0.0,0.0,0.0,0.0,0.0,0.34782457,0.0,0.0,0.0,0.0,0.0,0.0,0.0,0.0,0.0,0.0,5.417804,0.0,0.0,0.0,1.1108584,0.0,0.0,0.0,0.0,0.0,0.0,0.0,0.0,0.0,0.0,0.0,0.0,0.0,0.0,0.0,0.0,0.0,0.0,0.0,0.0,0.0,0.0,0.0,0.6278255,0.0,0.0,0.0,0.0,0.0,0.16010058,0.0,0.0,0.0,0.0,0.0,3.343172,0.0,0.0,0.0,0.0,0.0,9.468481,0.0,0.0,0.0,0.0,0.0,0.0,0.0,0.0,0.0,0.0,0.0,0.0,0.0,0.0
22,8.025253,7.905538,8.594685,12.545267,9.58302,9.539069,11.272955,6.2162795,14.375671,0.0,0.008267283,0.0,0.0,10.243881,4.930024,0.0,3.2566001,11.318699,3.7679074,0.013537079,0.0,3.0344996,4.385698,0.0,0.0,0.0,0.0,0.0,4.5103865,1.9447017,0.0,0.9894188,0.0,3.3776393,0.0,0.0,0.0,0.0,0.15422082,5.710065,0.0,0.0,0.0,0.0,0.0,0.0,0.0,0.0,0.0,0.0,0.0,0.0,0.0,0.0,0.28248143,0.0,0.0,0.0,0.0,0.0,0.0,0.0,0.0,0.12030421,0.0,0.0,0.0,0.0,0.0,0.0,0.0,0.0,0.0,0.0,0.0,0.0,0.0,0.0,0.0,0.0,0.0,0.0,0.0,0.3924422,0.0,0.0,0.0,0.0,0.0,0.0,0.0,0.0,0.0,0.0,0.0,0.0,0.0,0.0,0.0,0.0,0.0,0.0,0.0,0.0,0.0,0.0,0.0,0.0,0.0,0.0,0.0,0.0,0.0,0.0,0.0,0.0,0.0,0.0,0.0,0.0,0.0,0.0,0.0,0.0,0.0,0.0,0.0,0.0,0.0,1.4458807,0.0,0.0,0.0,0.0,0.0,0.0,0.0,0.0,0.0,0.0,0.0,0.0,0.0,0.0,0.0,0.0,0.0,0.0,0.0,0.0,0.0,0.0,0.0,0.0,0.0,0.0,0.0,0.0,0.0,0.0,0.0,0.0,0.0,0.0,0.0,0.0,0.0,0.0,0.0,0.0,0.0,0.0,0.0,0.0,0.0,0.0,0.0,0.0,0.0,0.0,0.0,0.0,0.0,0.0,0.0,0.0,0.0,0.0,0.0,0.0
23,9.281776,7.596516,9.199871,15.4369755,10.046596,10.837591,11.785564,0.0,17.159592,0.0,0.0,0.0,0.0,9.596639,1.6924996,0.0,0.0,12.726894,0.0,0.0,0.0,8.667439,12.718984,0.0,0.0,0.0,0.0,0.0,9.75036,0.0,0.0,2.187271,0.0,9.661339,0.0,0.0,0.0,0.0,0.14787531,12.130419,0.0,0.0,0.0,0.0,0.0,0.0,0.0,0.0,0.0,0.0,0.0,0.0,0.0,0.0,0.0,0.0,0.066764355,0.0,0.0,0.0,0.0,0.0,0.10479239,0.0,0.0,0.0,0.0,0.0,0.0,0.0,0.04290524,0.0,0.0,0.0,0.0,0.0,0.0,0.0,0.0,0.0,0.0,0.0,0.0,1.1209295,0.0,0.0,0.0,0.0,0.0,0.0,0.0,0.0,0.0,0.0,0.0,0.0,0.0,0.0,0.0,0.0,0.0,0.0,0.0,0.0,0.0,0.0,0.0,0.0,0.0,0.0,0.0,0.0,0.0,0.0,0.0,0.0,0.0,0.0,0.0,0.0,0.0,0.0,0.0,0.0,0.0,0.0,0.0,0.0,0.0,1.8222127,0.0,0.0,0.0,0.0,0.0,0.0,0.0,0.0,0.0,0.0,0.0,0.0,0.0,0.0,0.0,0.0,0.0,0.0,0.0,0.0,0.0,0.0,0.0,0.0,0.0,0.0,0.0,0.0,0.0,0.0,0.0,0.0,0.0,0.0,0.0,0.0,0.0,0.0,0.0,0.0,0.0,0.0,0.0,0.0,0.0,0.0,0.0,0.0,0.0,0.0,0.0,0.0,0.0,0.0,0.0,0.0,0.0,0.0,0.0,0.0
24,11.398172,11.249328,11.246408,12.722481,11.501982,12.665387,15.122444,19.891447,18.79661,0.0,0.0,0.0,0.0,14.381828,9.53853,0.0,11.654009,15.594614,10.381299,0.064847976,0.0,0.0,0.0,0.0,9.071856,0.0,0.0,0.0,0.0,11.567434,0.0,0.0,0.0,0.0,0.0,0.0,0.0,0.0,0.22337869,0.0,0.0,0.0,0.0,0.0,0.0,0.0,0.0,0.0,0.033315964,0.0,0.0,0.0,0.0,0.0,8.649278,0.0,0.0,0.0,0.0,0.0,0.0,0.0,0.0,0.15896936,0.0,0.0,0.0,0.0,0.0,0.0,0.0,0.12663421,0.0,0.0,0.0,0.0,0.0,0.0,0.0,0.0,0.0,0.0,0.0,0.0,0.0,0.0,0.0,0.0,0.0,0.0,0.0,0.0,0.23306553,0.0,0.0,0.0,0.0,0.0,0.0,0.0,0.0,0.0,0.0,0.0,0.0,0.0,0.0,0.0,0.0,0.0,0.0,0.0,0.0,0.0,0.0,0.0,0.0,0.0,0.0,0.0,0.0,0.0,0.0,0.0,0.0,0.0,0.0,0.0,0.0,1.1225935,0.0,0.0,0.0,0.0,0.0,0.0,0.0,0.0,0.0,0.0,0.0,0.0,0.0,0.0,0.0,0.0,0.0,0.0,0.0,0.0,0.0,0.0,0.0,0.0,0.0,0.0,0.0,0.0,0.0,0.0,0.0,0.0,0.0,0.0,0.0,0.0,0.0,0.0,0.0,0.0,0.0,0.0,0.0,0.0,0.0,0.0,0.0,0.0,0.0,0.0,0.0,0.0,0.0,0.0,0.0,0.0,0.0,0.0,0.0,0.0
25,10.154723,7.946244,9.801718,16.66476,10.604627,11.638754,12.611362,0.0,18.684544,0.0,0.0,0.0,0.0,9.844138,1.0418887,0.0,0.0,13.791248,0.0,0.0,0.0,10.225263,15.183799,0.0,0.0,0.0,0.0,0.0,11.35334,0.0,0.0,2.5034347,0.0,11.592483,0.0,0.0,0.0,0.0,0.15759873,13.846347,0.0,0.0,0.0,0.0,0.0,0.0,0.0,0.0,0.0,0.0,0.0,0.0,0.0,0.0,0.0,0.0,0.27577865,0.0,0.0,0.0,0.0,0.0,0.16775346,0.0,0.0,0.0,0.0,0.0,0.0,0.0,0.0684509,0.0,0.0,0.0,0.0,0.0,0.0,0.0,0.0,0.0,0.0,0.07284355,0.0,1.2981911,0.0,0.0,0.0,0.0,0.0,0.0,0.0,0.0,0.0,0.0,0.0,0.0,0.0,0.0,0.0,0.0,0.0,0.0,0.0,0.0,0.0,0.0,0.0,0.0,0.0,0.0,0.0,0.0,0.0,0.0,0.0,0.0,0.0,0.0,0.0,0.0,0.0,0.0,0.0,0.0,0.0,0.0,0.0,0.0,0.0,1.9096106,0.0,0.0,0.0,0.0,0.0,0.0,0.0,0.0,0.0,0.0,0.0,0.0,0.0,0.0,0.0,0.0,0.0,0.0,0.0,0.0,0.0,0.0,0.0,0.0,0.0,0.0,0.0,0.0,0.0,0.0,0.0,0.0,0.0,0.0,0.0,0.0,0.0,0.0,0.0,0.0,0.0,0.0,0.0,0.0,0.0,0.0,0.0,0.0,0.0,0.0,0.0,0.0,0.0,0.0,0.0,0.0,0.0,0.0,0.0,0.0
26,15.5063095,14.175489,15.014725,14.924759,13.979601,16.700504,19.53915,27.405384,23.82668,0.0,0.0,0.0,0.0,17.354298,11.92173,0.0,16.752604,20.811422,13.698118,0.0,0.0,0.0,0.0,0.0,14.257989,0.0,0.0,0.0,0.0,16.058369,0.0,0.0,0.0,0.0,0.0,0.0,0.0,0.0,0.079779,0.0,0.0,0.0,0.0,0.0,0.0,0.0,0.0,0.0,0.08923946,0.0,0.0,0.0,0.0,0.0,13.243813,0.0,0.0,0.0,0.0,0.0,0.23937362,0.0,0.0,0.021669328,0.0,0.0,0.0,0.0,0.0,0.0,0.0,0.45533752,0.0,0.0,0.0,0.0,0.0,0.0,0.0,0.0,0.0,0.0,0.0,0.0,0.0,0.0,0.0,0.0,0.0,0.0,0.0,0.0,0.38425523,0.0,0.0,0.0,0.0,0.0,0.0,0.0,0.0,0.0,0.0,0.0,0.0,0.0,0.0,0.0,0.0,0.0,0.0,0.0,0.0,0.0,0.0,0.0,0.0,0.0,0.0,0.0,0.0,0.0,0.0,0.0,0.0,0.0,0.0,0.0,0.0,1.0481424,0.0,0.0,0.0,0.0,0.0,0.0,0.0,0.0,0.0,0.0,0.0,0.0,0.0,0.002875626,0.0,0.0,0.0,0.0,0.0,0.0,0.0,0.0,0.0,0.0,0.0,0.0,0.0,0.0,0.0,0.0,0.0,0.0,0.0,0.0,0.0,0.0,0.0,0.0,0.0,0.0,0.0,0.0,0.0,0.0,0.0,0.0,0.0,0.0,0.0,0.0,0.0,0.0,0.0,0.0,0.0,0.0,0.0,0.0,0.0,0.0
27,0.0,0.0,0.0,19.951084,0.0,0.0,0.0,0.0,0.0,0.0,0.0,0.0,139.46138,102.355995,27.869541,0.0,6.0087085,0.0,0.0,0.0,2.5905168,0.0,59.78057,0.0,0.0,12.178196,2.3741593,3.7783427,0.0,0.0,12.339088,0.0,45.080254,0.0,0.0,0.0,0.0,0.0,0.0,0.0,1.2934831,0.0,0.0,3.6555362,0.0,0.0,5.486707,0.0,0.0,38.688904,51.143044,54.82835,0.0,0.0,0.0,0.0,26.797188,62.81963,28.097885,0.0,0.0,0.0,10.382203,0.0,0.0,0.0,0.0,14.275082,8.88532,15.469083,0.06517525,0.0,0.0,0.0,0.0,0.0,0.73602724,0.0,5.813953,0.0,0.0,0.0,6.221843,0.0,39.15545,0.0,0.0,0.0,0.0,0.23216268,0.0,1.0767581,0.0,16.20287,0.0,0.0,36.614616,0.22777656,75.42679,0.0,0.0,27.280685,0.0,3.6245854,0.0,0.0,0.0,0.0,0.0,0.0,0.0,0.0,0.0,0.0,0.0,0.0,0.0,0.0,2.7041676,0.0,0.76170015,0.0,0.0,0.0,0.5429336,0.0,0.0,0.0,0.0,9.940377,1.1145692,0.0,0.0,5.485124,0.0,0.0,0.0,0.0,0.0,0.0,0.0,0.0,0.0,0.0,0.25376225,1.831281,0.0,0.0,0.0,0.0,1.5358031,0.0,0.0041543245,0.0,0.0,0.0,0.23728585,3.8357253,0.0,0.92175794,0.0,0.0,0.0,0.94605005,0.0,0.30792743,0.8079083,0.0,0.0,8.995063,0.0,0.0,1.4560881,0.0,0.0,29.443623,0.0,0.0,0.0,0.0,0.0,0.0,0.0,0.0,0.0,0.0,0.0,0.0,0.25183487,0.0
28,0.16904926,4.707328,0.0,16.625206,7.066205,0.0,0.14375973,0.0,8.301447,0.0,0.0,0.0,8.268683,16.095734,1.0475917,0.0,0.0,0.0,0.0,0.0,0.0,7.452037,23.334236,0.0,0.0,0.0,0.0,0.0,7.315688,0.0,0.0,0.028511047,4.567516,11.154354,0.0,0.0,0.0,0.0,0.0,8.199766,0.0,0.0,0.0,0.0,0.0,0.0,0.0,0.0,0.0,0.0,3.4858408,0.79870486,0.0,0.0,0.0,0.0,2.9667645,1.4261643,0.0,0.0,0.0,0.0,1.2245226,0.0,0.0,0.0,0.0,0.0,0.0,1.0563467,0.0,0.0,0.0,0.0,0.0,0.0,0.0,0.0,0.32511643,0.0,0.0,1.2120497,0.0,0.37825608,2.2105885,0.0,0.0,0.0,0.0,0.0,0.0,0.0,0.0,1.3510481,0.0,0.0,0.0748508,0.0,3.4141965,0.0,0.0,0.0,0.0,0.0,0.0,0.0,0.0,0.039544582,0.0,0.0,0.0,0.0,0.0,0.0,0.0,0.0,0.011329293,0.0,0.0,0.0,0.0,0.0,0.0,0.0,0.0,0.0,0.0,0.0,0.0,2.8814726,0.0,0.0,0.0,0.0,0.0,0.0,0.0,0.0,0.0,0.0,0.12541306,0.0,0.0,0.0,0.0,0.0,0.0,0.0,0.0,0.0,0.0,0.0,0.0,0.0,0.0,0.0,0.0,0.0,0.0,0.0,0.0,0.0,0.0,0.0,0.0,0.0,0.0,0.0,0.0,0.09289622,0.0,0.0,0.0,0.0,0.0,0.0,0.0,0.0,0.0,0.0,0.0,0.0,0.0,0.0,0.0,0.0,0.0,0.0,0.0,0.0
29,8.06376,7.2877007,8.368571,13.737379,9.430916,9.604141,10.842914,1.2314138,15.098278,0.0,0.0,0.0,0.0,9.483688,2.8744092,0.0,0.5284562,11.32325,1.0336046,0.0,0.0,6.3249087,9.194674,0.0,0.0,0.0,0.0,0.0,7.3552976,0.0,0.0,1.7476156,0.0,6.8219953,0.0,0.0,0.0,0.0,0.17587239,9.437935,0.0,0.0,0.0,0.0,0.0,0.0,0.0,0.0,0.0,0.0,0.0,0.0,0.0,0.0,0.0,0.0,0.0,0.0,0.0,0.0,0.0,0.0,0.0,0.0,0.0,0.0,0.0,0.0,0.0,0.0,0.0041861683,0.0,0.0,0.0,0.0,0.0,0.0,0.0,0.0,0.0,0.0,0.0,0.0,0.823123,0.0,0.0,0.0,0.0,0.0,0.0,0.0,0.0,0.0,0.0,0.0,0.0,0.0,0.0,0.0,0.0,0.0,0.0,0.0,0.0,0.0,0.0,0.0,0.0,0.0,0.0,0.0,0.0,0.0,0.0,0.0,0.0,0.0,0.0,0.0,0.0,0.0,0.0,0.0,0.0,0.0,0.0,0.0,0.0,0.0,1.6620985,0.0,0.0,0.0,0.0,0.0,0.0,0.0,0.0,0.0,0.0,0.0,0.0,0.0,0.0,0.0,0.0,0.0,0.0,0.0,0.0,0.0,0.0,0.0,0.0,0.0,0.0,0.0,0.0,0.0,0.0,0.0,0.0,0.0,0.0,0.0,0.0,0.0,0.0,0.0,0.0,0.0,0.0,0.0,0.0,0.0,0.0,0.0,0.0,0.0,0.0,0.0,0.0,0.0,0.0,0.0,0.0,0.0,0.0,0.0,0.0
30,8.162549,7.4393077,8.387536,13.866156,9.654545,9.619266,11.031269,1.4358654,15.382985,0.0,0.0,0.0,0.0,9.7349615,2.986558,0.0,0.37306833,11.466489,0.97055197,0.0,0.0,6.4229484,9.44895,0.0,0.0,0.0,0.0,0.0,7.4664636,0.0,0.0,1.7912376,0.0,6.960757,0.0,0.0,0.0,0.0,0.19362026,9.10684,0.0,0.0,0.0,0.0,0.0,0.0,0.0,0.0,0.0,0.0,0.0,0.0,0.0,0.0,0.0,0.0,0.0,0.0,0.0,0.0,0.0,0.0,0.0,0.0,0.0,0.0,0.0,0.0,0.0,0.0,0.005847737,0.0,0.0,0.0,0.0,0.0,0.0,0.0,0.0,0.0,0.0,0.0,0.0,0.8015418,0.0,0.0,0.0,0.0,0.0,0.0,0.0,0.0,0.0,0.0,0.0,0.0,0.0,0.0,0.0,0.0,0.0,0.0,0.0,0.0,0.0,0.0,0.0,0.0,0.0,0.0,0.0,0.0,0.0,0.0,0.0,0.0,0.0,0.0,0.0,0.0,0.0,0.0,0.0,0.0,0.0,0.0,0.0,0.0,0.0,1.6429791,0.0,0.0,0.0,0.0,0.0,0.0,0.0,0.0,0.0,0.0,0.0,0.0,0.0,0.0,0.0,0.0,0.0,0.0,0.0,0.0,0.0,0.0,0.0,0.0,0.0,0.0,0.0,0.0,0.0,0.0,0.0,0.0,0.0,0.0,0.0,0.0,0.0,0.0,0.0,0.0,0.0,0.0,0.0,0.0,0.0,0.0,0.0,0.0,0.0,0.0,0.0,0.0,0.0,0.0,0.0,0.0,0.0,0.0,0.0,0.0
31,9.453897,7.4986124,9.114348,15.438213,9.827486,11.035986,11.969544,0.0,17.384047,0.0,0.0,0.0,0.0,9.465717,1.3567939,0.0,0.0,12.872312,0.0,0.0,0.0,9.040471,13.222719,0.0,0.0,0.0,0.0,0.0,10.03698,0.0,0.0,2.1705747,0.0,10.084596,0.0,0.0,0.0,0.0,0.13979837,12.642505,0.0,0.0,0.0,0.0,0.0,0.0,0.0,0.0,0.0,0.0,0.0,0.0,0.0,0.0,0.0,0.0,0.14341879,0.0,0.0,0.0,0.0,0.0,0.14646947,0.0,0.0,0.0,0.0,0.0,0.0,0.0,0.049427778,0.0,0.0,0.0,0.0,0.0,0.0,0.0,0.0,0.0,0.0,0.2306149,0.0,1.2199953,0.0,0.0,0.0,0.0,0.0,0.0,0.0,0.0,0.0,0.0,0.0,0.0,0.0,0.0,0.0,0.0,0.0,0.0,0.0,0.0,0.0,0.0,0.0,0.0,0.0,0.0,0.0,0.0,0.0,0.0,0.0,0.0,0.0,0.0,0.0,0.0,0.0,0.0,0.0,0.0,0.0,0.0,0.0,0.0,0.0,1.8520346,0.0,0.0,0.0,0.0,0.0,0.0,0.0,0.0,0.0,0.0,0.0,0.0,0.0,0.0,0.0,0.0,0.0,0.0,0.0,0.0,0.0,0.0,0.0,0.0,0.0,0.0,0.0,0.0,0.0,0.0,0.0,0.0,0.0,0.0,0.0,0.0,0.0,0.0,0.0,0.0,0.0,0.0,0.0,0.0,0.0,0.0,0.0,0.0,0.0,0.0,0.0,0.0,0.0,0.0,0.0,0.0,0.0,0.0,0.0,0.0
32,10.039665,7.7338734,9.716389,16.527372,10.371288,11.655147,12.36256,0.0,18.372078,0.0,0.0,0.0,0.0,9.490664,0.79131746,0.0,0.0,13.525757,0.0,0.0,0.0,10.300909,15.153684,0.0,0.0,0.0,0.0,0.0,11.439723,0.0,0.0,2.4831793,0.0,11.559949,0.0,0.0,0.0,0.0,0.121245384,14.317283,0.0,0.0,0.0,0.0,0.0,0.0,0.0,0.0,0.0,0.0,0.0,0.0,0.0,0.0,0.0,0.0,0.28969038,0.0,0.0,0.0,0.0,0.0,0.18206084,0.0,0.0,0.0,0.0,0.0,0.0,0.0,0.07053985,0.0,0.0,0.0,0.0,0.0,0.0,0.0,0.0,0.0,0.0,0.20208454,0.0,1.3376856,0.0,0.0,0.0,0.0,0.0,0.0,0.0,0.0,0.0,0.0,0.0,0.0,0.0,0.0,0.0,0.0,0.0,0.0,0.0,0.0,0.0,0.0,0.0,0.0,0.0,0.0,0.0,0.0,0.0,0.0,0.0,0.0,0.0,0.0,0.0,0.0,0.0,0.0,0.0,0.0,0.0,0.0,0.0,0.0,0.0,1.9328074,0.0,0.0,0.0,0.0,0.0,0.0,0.0,0.0,0.0,0.0,0.0,0.0,0.0,0.0,0.0,0.0,0.0,0.0,0.0,0.0,0.0,0.0,0.0,0.0,0.0,0.0,0.0,0.0,0.0,0.0,0.0,0.0,0.0,0.0,0.0,0.0,0.0,0.0,0.0,0.0,0.0,0.0,0.0,0.0,0.0,0.0,0.0,0.0,0.0,0.0,0.0,0.0,0.0,0.0,0.0,0.0,0.0,0.0,0.0,0.0
33,11.667157,7.997972,9.954799,17.78577,10.571619,12.973101,14.258091,0.0,21.351719,0.0,0.0,0.0,0.0,10.191428,0.0,0.0,0.0,15.661919,0.0,0.0,0.0,12.976503,19.406199,0.0,0.0,0.0,0.0,0.0,13.77235,0.0,0.0,2.7343824,0.46008253,15.140676,0.0,0.0,0.0,0.0,0.14705965,15.34063,0.0,0.0,0.0,0.0,0.0,0.0,0.0,0.0,0.0,0.0,0.0,0.0,0.0,0.0,0.0,0.0,0.77160037,0.0,0.0,0.0,0.0,0.0,0.39054304,0.0,0.0,0.0,0.0,0.0,0.0,0.0,0.11676869,0.0,0.0,0.0,0.0,0.0,0.0,0.0,0.0,0.0,0.0,1.0977428,0.0,1.7731905,0.0,0.0,0.0,0.0,0.0,0.0,0.0,0.0,0.0,0.0,0.0,0.0,0.0,0.0,0.0,0.0,0.0,0.0,0.0,0.0,0.0,0.0,0.0,0.0,0.0,0.0,0.0,0.0,0.0,0.0,0.0,0.0,0.0,0.0,0.0,0.0,0.0,0.0,0.0,0.0,0.0,0.0,0.0,0.0,0.0,2.0747225,0.0,0.0,0.0,0.0,0.0,0.0,0.0,0.0,0.0,0.0,0.0,0.0,0.17760003,0.0,0.0,0.0,0.0,0.0,0.0,0.0,0.0,0.0,0.0,0.0,0.0,0.0,0.0,0.0,0.0,0.0,0.0,0.0,0.0,0.0,0.0,0.0,0.0,0.0,0.0,0.0,0.0,0.0,0.0,0.0,0.0,0.0,0.0,0.0,0.0,0.0,0.0,0.0,0.0,0.0,0.0,0.0,0.0,0.0,0.0,0.0
34,0.0,4.0663967,0.0,16.827568,5.3368177,0.0,0.0,0.0,0.0,0.0,0.0,0.0,16.455423,20.333008,3.401023,0.0,0.0,0.0,0.0,0.0,0.0,3.7541337,23.543318,0.0,0.0,0.0,0.051762164,0.0,1.0133941,0.0,0.0,0.0,6.7936325,6.110593,0.0,0.0,0.0,0.0,0.0,4.9193134,0.0,0.0,0.0,0.0,0.0,0.0,0.0,0.0,0.0,1.6905229,6.274565,3.934889,0.0,0.0,0.0,0.0,4.1527677,4.8415394,1.392339,0.0,0.0,0.0,1.558944,0.0,0.0,0.0,0.0,0.0,0.0,1.7831597,0.0,0.0,0.0,0.0,0.0,0.0,0.0,0.0,0.5511197,0.0,0.0,0.28063583,0.0,0.0,4.219047,0.0,0.0,0.0,0.0,0.0,0.0,0.0,0.0,2.1759477,0.0,0.0,2.2541478,0.0,7.656542,0.0,0.0,0.0,0.0,0.0,0.0,0.0,0.0,0.0,0.0,0.0,0.0,0.0,0.0,0.0,0.0,0.0,0.0,0.0,0.0,0.0,0.0,0.0,0.0,0.0,0.0,0.0,0.0,0.0,0.0,3.301049,0.0,0.0,0.0,0.0,0.0,0.0,0.0,0.0,0.0,0.0,0.0,0.0,0.0,0.0,0.0,0.0,0.0,0.0,0.0,0.0,0.0,0.0,0.0,0.0,0.0,0.0,0.0,0.0,0.0,0.0,0.0,0.0,0.0,0.0,0.0,0.0,0.0,0.0,0.0,0.61071646,0.0,0.0,0.0,0.0,0.0,0.0,0.0,0.0,0.0,0.0,0.0,0.0,0.0,0.0,0.0,0.0,0.0,0.0,0.0,0.0
35,11.659149,8.058201,10.045866,17.794827,10.635107,13.050562,14.184991,0.0,21.304455,0.0,0.0,0.0,0.0,10.149117,0.0,0.0,0.0,15.5551605,0.0,0.0,0.0,12.891608,19.285355,0.0,0.0,0.0,0.0,0.0,13.741353,0.0,0.0,2.7475288,0.41824436,14.91092,0.0,0.0,0.0,0.0,0.14882639,15.572885,0.0,0.0,0.0,0.0,0.0,0.0,0.0,0.0,0.0,0.0,0.0,0.0,0.0,0.0,0.0,0.0,0.74755704,0.0,0.0,0.0,0.0,0.0,0.3673765,0.0,0.0,0.0,0.0,0.0,0.0,0.0,0.11305682,0.0,0.0,0.0,0.0,0.0,0.0,0.0,0.0,0.0,0.0,1.0052724,0.0,1.7622657,0.0,0.0,0.0,0.0,0.0,0.0,0.0,0.0,0.0,0.0,0.0,0.0,0.0,0.0,0.0,0.0,0.0,0.0,0.0,0.0,0.0,0.0,0.0,0.0,0.0,0.0,0.0,0.0,0.0,0.0,0.0,0.0,0.0,0.0,0.0,0.0,0.0,0.0,0.0,0.0,0.0,0.0,0.0,0.0,0.0,2.065701,0.0,0.0,0.0,0.0,0.0,0.0,0.0,0.0,0.0,0.0,0.0,0.0,0.1639868,0.0,0.0,0.0,0.0,0.0,0.0,0.0,0.0,0.0,0.0,0.0,0.0,0.0,0.0,0.0,0.0,0.0,0.0,0.0,0.0,0.0,0.0,0.0,0.0,0.0,0.0,0.0,0.0,0.0,0.0,0.0,0.0,0.0,0.0,0.0,0.0,0.0,0.0,0.0,0.0,0.0,0.0,0.0,0.0,0.0,0.0,0.0
36,13.979315,13.104719,13.60445,14.046757,13.028841,15.204908,17.885542,24.834766,21.961372,0.0,0.0,0.0,0.0,16.287504,11.104265,0.0,15.02961,18.87379,12.598912,0.0,0.0,0.0,0.0,0.0,12.477727,0.0,0.0,0.0,0.0,14.562447,0.0,0.0,0.0,0.0,0.0,0.0,0.0,0.0,0.13885882,0.0,0.0,0.0,0.0,0.0,0.0,0.0,0.0,0.0,0.06711518,0.0,0.0,0.0,0.0,0.0,11.7018795,0.0,0.0,0.0,0.0,0.0,0.15258107,0.0,0.0,0.07653424,0.0,0.0,0.0,0.0,0.0,0.0,0.0,0.34908324,0.0,0.0,0.0,0.0,0.0,0.0,0.0,0.0,0.0,0.0,0.0,0.0,0.0,0.0,0.0,0.0,0.0,0.0,0.0,0.0,0.3318111,0.0,0.0,0.0,0.0,0.0,0.0,0.0,0.0,0.0,0.0,0.0,0.0,0.0,0.0,0.0,0.0,0.0,0.0,0.0,0.0,0.0,0.0,0.0,0.0,0.0,0.0,0.0,0.0,0.0,0.0,0.0,0.0,0.0,0.0,0.0,0.0,1.0711664,0.0,0.0,0.0,0.0,0.0,0.0,0.0,0.0,0.0,0.0,0.0,0.0,0.0,0.0,0.0,0.0,0.0,0.0,0.0,0.0,0.0,0.0,0.0,0.0,0.0,0.0,0.0,0.0,0.0,0.0,0.0,0.0,0.0,0.0,0.0,0.0,0.0,0.0,0.0,0.0,0.0,0.0,0.0,0.0,0.0,0.0,0.0,0.0,0.0,0.0,0.0,0.0,0.0,0.0,0.0,0.0,0.0,0.0,0.0,0.0
37,12.305895,11.930463,12.053297,13.085894,11.986822,13.566151,16.073902,22.012922,19.915237,0.0,0.0,0.0,0.0,15.112024,10.204881,0.0,13.130077,16.743088,11.391131,0.03646785,0.0,0.0,0.0,0.0,10.5276575,0.0,0.0,0.0,0.0,12.912598,0.0,0.0,0.0,0.0,0.0,0.0,0.0,0.0,0.20282719,0.0,0.0,0.0,0.0,0.0,0.0,0.0,0.0,0.0,0.042842314,0.0,0.0,0.0,0.0,0.0,10.004747,0.0,0.0,0.0,0.0,0.0,0.055895,0.0,0.0,0.13761076,0.0,0.0,0.0,0.0,0.0,0.0,0.0,0.23100477,0.0,0.0,0.0,0.0,0.0,0.0,0.0,0.0,0.0,0.0,0.0,0.0,0.0,0.0,0.0,0.0,0.0,0.0,0.0,0.0,0.2740355,0.0,0.0,0.0,0.0,0.0,0.0,0.0,0.0,0.0,0.0,0.0,0.0,0.0,0.0,0.0,0.0,0.0,0.0,0.0,0.0,0.0,0.0,0.0,0.0,0.0,0.0,0.0,0.0,0.0,0.0,0.0,0.0,0.0,0.0,0.0,0.0,1.0962925,0.0,0.0,0.0,0.0,0.0,0.0,0.0,0.0,0.0,0.0,0.0,0.0,0.0,0.0,0.0,0.0,0.0,0.0,0.0,0.0,0.0,0.0,0.0,0.0,0.0,0.0,0.0,0.0,0.0,0.0,0.0,0.0,0.0,0.0,0.0,0.0,0.0,0.0,0.0,0.0,0.0,0.0,0.0,0.0,0.0,0.0,0.0,0.0,0.0,0.0,0.0,0.0,0.0,0.0,0.0,0.0,0.0,0.0,0.0,0.0
38,0.0,1.7182975,0.0,18.68802,0.0,0.0,0.0,0.0,0.0,0.0,0.0,0.0,44.377174,38.085968,9.851314,0.0,0.0,0.0,0.0,0.0,0.0,0.0,26.431467,0.0,0.0,0.0,0.5696745,0.0,0.0,0.0,2.0467064,0.0,15.603698,0.0,0.0,0.0,0.0,0.0,0.0,0.0,0.0,0.0,0.0,0.0,0.0,0.0,0.0,0.0,0.0,9.833665,16.851141,16.430265,0.0,0.0,0.0,0.0,9.009556,18.522057,7.389402,0.0,0.0,0.0,2.9087324,0.0,0.0,0.0,0.0,0.0,0.0,4.340185,0.0,0.0,0.0,0.0,0.0,0.0,0.0,0.0,1.4920156,0.0,0.0,0.0,0.0,0.0,13.035468,0.0,0.0,0.0,0.0,0.0,0.0,0.0,0.0,5.5649652,0.0,0.0,10.64448,0.0,24.208261,0.0,0.0,4.4568787,0.0,0.0,0.0,0.0,0.0,0.0,0.0,0.0,0.0,0.0,0.0,0.0,0.0,0.0,0.0,0.0,0.1634947,0.0,0.0,0.0,0.0,0.0,0.0,0.0,0.0,0.0,0.0,4.82891,0.0,0.0,0.0,0.17983311,0.0,0.0,0.0,0.0,0.0,0.0,0.0,0.0,0.0,0.0,0.0,0.0,0.0,0.0,0.0,0.0,0.0,0.0,0.0,0.0,0.0,0.0,0.0,0.12337506,0.0,0.0,0.0,0.0,0.0,0.0,0.0,0.0,0.0,0.0,0.0,2.6175966,0.0,0.0,0.0,0.0,0.0,6.3906665,0.0,0.0,0.0,0.0,0.0,0.0,0.0,0.0,0.0,0.0,0.0,0.0,0.0,0.0
39,8.767183,7.53351,8.914107,14.636562,9.842683,10.317865,11.435357,0.26737976,16.322104,0.0,0.0,0.0,0.0,9.70478,2.3248596,0.0,0.09935856,12.200073,0.2978878,0.0,0.0,7.456794,11.011378,0.0,0.0,0.0,0.0,0.0,8.52563,0.0,0.0,1.9783299,0.0,8.228626,0.0,0.0,0.0,0.0,0.17584682,10.469175,0.0,0.0,0.0,0.0,0.0,0.0,0.0,0.0,0.0,0.0,0.0,0.0,0.0,0.0,0.0,0.0,0.0,0.0,0.0,0.0,0.0,0.0,0.042972654,0.0,0.0,0.0,0.0,0.0,0.0,0.0,0.02082929,0.0,0.0,0.0,0.0,0.0,0.0,0.0,0.0,0.0,0.0,0.0,0.0,0.97239494,0.0,0.0,0.0,0.0,0.0,0.0,0.0,0.0,0.0,0.0,0.0,0.0,0.0,0.0,0.0,0.0,0.0,0.0,0.0,0.0,0.0,0.0,0.0,0.0,0.0,0.0,0.0,0.0,0.0,0.0,0.0,0.0,0.0,0.0,0.0,0.0,0.0,0.0,0.0,0.0,0.0,0.0,0.0,0.0,0.0,1.7356979,0.0,0.0,0.0,0.0,0.0,0.0,0.0,0.0,0.0,0.0,0.0,0.0,0.0,0.0,0.0,0.0,0.0,0.0,0.0,0.0,0.0,0.0,0.0,0.0,0.0,0.0,0.0,0.0,0.0,0.0,0.0,0.0,0.0,0.0,0.0,0.0,0.0,0.0,0.0,0.0,0.0,0.0,0.0,0.0,0.0,0.0,0.0,0.0,0.0,0.0,0.0,0.0,0.0,0.0,0.0,0.0,0.0,0.0,0.0,0.0
40,10.888891,10.93763,10.750254,12.269805,11.104637,12.178028,14.538873,19.632196,18.18625,0.08209205,0.0,0.0,0.0,14.128464,9.449831,0.03494644,11.542514,14.952293,10.374273,0.075468585,0.0,0.0,0.0,0.0,8.874726,0.0,0.0,0.0,0.0,11.534909,0.0,0.0,0.0,0.0,0.0,0.0,0.0,0.0,0.25842804,0.0,0.0,0.0,0.0,0.0,0.0,0.0,0.0,0.0,0.022338763,0.0,0.0,0.0,0.0,0.0,8.581223,0.0,0.0,0.0,0.0,0.0,0.0,0.0,0.0,0.1875732,0.0,0.0,0.0,0.0,0.0,0.0,0.0,0.13403955,0.0,0.0,0.0,0.0,0.0,0.0,0.0,0.0,0.0,0.0,0.0,0.0,0.0,0.0,0.0,0.0,0.0,0.0,0.0,0.0,0.22567153,0.0,0.0,0.0,0.0,0.0,0.0,0.0,0.0,0.0,0.0,0.0,0.0,0.0,0.0,0.0,0.0,0.0,0.0,0.0,0.0,0.0,0.0,0.0,0.0,0.0,0.0,0.0,0.0,0.0,0.0,0.0,0.0,0.0,0.0,0.0,0.0,1.1177636,0.0,0.0,0.0,0.0,0.0,0.0,0.0,0.0,0.0,0.0,0.0,0.0,0.0,0.0,0.0,0.0,0.0,0.0,0.0,0.0,0.0,0.0,0.0,0.0,0.0,0.0,0.0,0.0,0.0,0.0,0.0,0.0,0.0,0.0,0.0,0.0,0.0,0.0,0.0,0.0,0.0,0.0,0.0,0.0,0.0,0.0,0.0,0.0,0.0,0.0,0.0,0.0,0.0,0.0,0.0,0.0,0.0,0.0,0.0,0.0
41,8.246681,7.0871015,8.545441,13.8023205,9.168124,10.051922,10.746454,0.37250614,15.209069,0.0,0.0,0.0,0.0,9.089811,2.2791605,0.0,0.71937084,11.381192,0.8017616,0.0,0.0,6.739148,9.679446,0.0,0.0,0.0,0.0,0.0,7.770948,0.0,0.0,1.7647622,0.0,7.151871,0.0,0.0,0.0,0.0,0.13008836,10.413229,0.0,0.0,0.0,0.0,0.0,0.0,0.0,0.0,0.0,0.0,0.0,0.0,0.0,0.0,0.0,0.0,0.0,0.0,0.0,0.0,0.0,0.0,0.030219853,0.0,0.0,0.0,0.0,0.0,0.0,0.0,0.008139148,0.0,0.0,0.0,0.0,0.0,0.0,0.0,0.0,0.0,0.0,0.0,0.0,0.9635583,0.0,0.0,0.0,0.0,0.0,0.0,0.0,0.0,0.0,0.0,0.0,0.0,0.0,0.0,0.0,0.0,0.0,0.0,0.0,0.0,0.0,0.0,0.0,0.0,0.0,0.0,0.0,0.0,0.0,0.0,0.0,0.0,0.0,0.0,0.0,0.0,0.0,0.0,0.0,0.0,0.0,0.0,0.0,0.0,0.0,1.727742,0.0,0.0,0.0,0.0,0.0,0.0,0.0,0.0,0.0,0.0,0.0,0.0,0.0,0.0,0.0,0.0,0.0,0.0,0.0,0.0,0.0,0.0,0.0,0.0,0.0,0.0,0.0,0.0,0.0,0.0,0.0,0.0,0.0,0.0,0.0,0.0,0.0,0.0,0.0,0.0,0.0,0.0,0.0,0.0,0.0,0.0,0.0,0.0,0.0,0.0,0.0,0.0,0.0,0.0,0.0,0.0,0.0,0.0,0.0,0.0
42,22.400558,12.527071,16.220562,23.725822,31.279436,17.161242,1.2437286,41.92667,31.403925,12.183043,4.8388863,25.09812,14.058445,0.0,12.87953,17.90064,10.81159,1.3183775,0.0,6.810104,16.766338,14.305363,9.733515,0.0,13.646309,24.139719,0.0,0.0,0.0,0.0,5.720811,1.929178,1.2232358,0.0,20.5427,0.0,0.0,0.0,0.0,0.0,0.0,7.1937943,0.0,0.0,0.0,0.0,0.0,5.599642,0.052691028,0.0,0.0,0.0,13.007533,4.7818522,0.0,0.0,0.0,0.0,0.0,0.0,1.3049495,0.0,0.0,0.0,3.7588334,0.0,0.0,0.0,0.0,0.0,0.0,0.0,0.0,12.345549,2.8190641,0.35539794,0.0,0.0,0.0,0.0,0.0,6.500925,0.0,4.1990385,0.0,0.0,0.0,0.7864334,0.0,0.0,0.0,0.0,0.0,0.18911916,0.0,0.0,0.0,0.0,0.0,0.0,1.5148069,0.0,0.0,0.0,0.0,7.813517,0.15566418,0.0,0.0,0.0,0.0,0.0,0.0,1.7648797,0.0,0.0,0.0,0.050707817,0.0,0.0,0.0,0.0,0.0,3.663946,0.0,0.0,0.0,4.3804317,0.0,0.0,0.0,0.0,0.0,0.0,0.0,0.0,0.0,0.0,0.0,0.0,0.0,0.0,0.0,0.0,0.0,0.0,0.0,0.0,0.0,0.0,0.0,0.0,0.0,0.0,0.0,0.0,0.0,0.0,0.0,4.2869635,0.0,0.0,0.0,0.0,0.0,0.0,0.0,0.0,0.0,0.0,0.0,0.0,0.0,0.0,0.0,0.0,0.0,0.0,0.0,0.0,0.0,0.0,0.0,0.0,0.0,0.0,0.0,0.0,0.0,0.0
43,0.0,0.0,0.0,19.039185,0.0,0.0,0.0,0.0,0.0,0.0,0.0,0.0,96.98107,71.48038,19.411148,0.0,0.0,0.0,0.0,0.0,0.24667335,0.0,45.076015,0.0,0.0,5.966692,1.6157985,0.23093784,0.0,0.0,7.337335,0.0,32.318924,0.0,0.0,0.0,0.0,0.0,0.0,0.0,0.088026166,0.0,0.0,0.93034124,0.0,0.0,2.386372,0.0,0.0,25.734306,36.131763,38.01411,0.0,0.0,0.0,0.0,18.765942,43.646446,18.780045,0.0,0.0,0.0,6.9716887,0.0,0.0,0.0,0.0,5.504407,2.564989,10.360598,0.0,0.0,0.0,0.0,0.0,0.0,0.0,0.0,3.7627559,0.0,0.0,0.0,2.9877212,0.0,27.808048,0.0,0.0,0.0,0.0,0.02043663,0.0,0.20849168,0.0,11.591283,0.0,0.0,25.2587,0.012749463,52.763203,0.0,0.0,16.9125,0.0,0.68081176,0.0,0.0,0.0,0.0,0.0,0.0,0.0,0.0,0.0,0.0,0.0,0.0,0.0,0.0,1.5692625,0.0,0.25081313,0.0,0.0,0.0,0.18453145,0.0,0.0,0.0,0.0,7.80262,0.1760171,0.0,0.0,3.0911584,0.0,0.0,0.0,0.0,0.0,0.0,0.0,0.0,0.0,0.0,0.0,0.9080756,0.0,0.0,0.0,0.0,0.50956964,0.0,0.0,0.0,0.0,0.0,0.013417006,2.1383183,0.0,0.11726773,0.0,0.0,0.0,0.5266333,0.0,0.086595476,0.34123892,0.0,0.0,6.20255,0.0,0.0,0.688616,0.0,0.0,19.058838,0.0,0.0,0.0,0.0,0.0,0.0,0.0,0.0,0.0,0.0,0.0,0.0,0.0,0.0
44,13.447605,12.73187,13.113384,13.741032,12.697781,14.684131,17.309746,23.939661,21.31186,0.0,0.0,0.0,0.0,15.91604,10.819619,0.0,14.429652,18.199093,12.216162,0.0015212595,0.0,0.0,0.0,0.0,11.857828,0.0,0.0,0.0,0.0,14.041556,0.0,0.0,0.0,0.0,0.0,0.0,0.0,0.0,0.1594308,0.0,0.0,0.0,0.0,0.0,0.0,0.0,0.0,0.0,0.05941136,0.0,0.0,0.0,0.0,0.0,11.1649685,0.0,0.0,0.0,0.0,0.0,0.122359365,0.0,0.0,0.0956386,0.0,0.0,0.0,0.0,0.0,0.0,0.0,0.31208485,0.0,0.0,0.0,0.0,0.0,0.0,0.0,0.0,0.0,0.0,0.0,0.0,0.0,0.0,0.0,0.0,0.0,0.0,0.0,0.0,0.3135497,0.0,0.0,0.0,0.0,0.0,0.0,0.0,0.0,0.0,0.0,0.0,0.0,0.0,0.0,0.0,0.0,0.0,0.0,0.0,0.0,0.0,0.0,0.0,0.0,0.0,0.0,0.0,0.0,0.0,0.0,0.0,0.0,0.0,0.0,0.0,0.0,1.0791835,0.0,0.0,0.0,0.0,0.0,0.0,0.0,0.0,0.0,0.0,0.0,0.0,0.0,0.0,0.0,0.0,0.0,0.0,0.0,0.0,0.0,0.0,0.0,0.0,0.0,0.0,0.0,0.0,0.0,0.0,0.0,0.0,0.0,0.0,0.0,0.0,0.0,0.0,0.0,0.0,0.0,0.0,0.0,0.0,0.0,0.0,0.0,0.0,0.0,0.0,0.0,0.0,0.0,0.0,0.0,0.0,0.0,0.0,0.0,0.0
45,10.465814,7.134422,7.812745,20.148735,10.471784,10.477362,11.69339,0.0,21.880033,0.0,0.0,0.0,0.07891446,13.253527,0.0,0.0,0.0,12.760695,0.0,0.0,0.0,15.276814,27.145731,0.0,0.0,0.0,0.0,0.0,15.861135,0.0,0.0,2.6201856,2.5652156,19.211796,0.0,0.0,0.0,0.0,0.0,15.763061,0.055996835,0.0,0.7389612,0.0,0.0,0.0,0.0,0.0,0.0,0.0,0.78423405,0.0,0.0,0.0,0.0,0.0,2.1033459,0.0,0.0,0.0,0.0,0.0,0.8543992,0.0,0.0,0.0,0.0,0.0,0.0,0.08560762,0.13537198,0.0,0.0,0.0,0.0,0.0,0.0,0.0,0.011183217,0.0,0.0,2.2839649,0.0,2.0525048,0.43211782,0.0,0.0,0.0,0.0,0.0,0.0,0.0,0.0,0.64299047,0.0,0.0,0.0,0.0,0.0,0.0,0.23723298,0.0,0.0,0.0,0.0,0.0,0.0,0.22870386,0.0,0.0,0.0,0.0,0.0,0.0,0.0,0.0,0.38935435,0.0,0.0,0.0,0.0,0.0,0.0,0.0,0.0,0.0,0.0,0.0,0.0,2.5564141,0.0,0.0,0.0,0.0,0.0,0.0,0.0,0.0,0.0,0.39786053,0.17484754,0.08571327,0.15735406,0.0,0.0,0.0,0.0,0.0,0.0,0.0,0.0,0.0,0.0,0.0,0.0,0.0,0.0,0.0,0.0,0.0,0.0,0.0,0.0,0.0,0.0,0.0,0.0,0.0,0.0,0.0,0.0,0.0,0.0,0.0,0.0,0.0,0.0,0.0,0.0,0.0,0.0,0.0,0.0,0.0,0.0,0.0,0.0,0.0,0.0,0.0
46,0.0,0.18705511,0.0,19.367886,0.0,0.0,0.0,0.0,0.0,0.0,0.0,0.0,69.58546,53.795532,14.972023,0.0,0.0,0.0,0.0,0.0,0.0,0.0,34.91357,0.0,0.0,2.022108,1.0623306,0.0,0.0,0.0,4.6855545,0.0,23.72319,0.0,0.0,0.0,0.0,0.0,0.0,0.0,0.0,0.0,0.0,0.0,0.0,0.0,0.42806244,0.0,0.0,17.524567,26.25989,27.023413,0.0,0.0,0.0,0.0,13.658107,30.820332,12.826675,0.0,0.0,0.0,4.706659,0.0,0.0,0.0,0.0,1.0823226,0.0,7.0921,0.0,0.0,0.0,0.0,0.0,0.0,0.0,0.0,2.5163414,0.0,0.0,0.0,0.8656852,0.0,20.447655,0.0,0.0,0.0,0.0,0.0,0.0,0.0,0.0,8.516245,0.0,0.0,17.85396,0.0,38.096313,0.0,0.0,10.416533,0.0,0.0,0.0,0.0,0.0,0.0,0.0,0.0,0.0,0.0,0.0,0.0,0.0,0.0,0.0,0.0,0.80287504,0.0,0.0,0.0,0.0,0.0,0.0,0.0,0.0,0.0,0.0,6.3621206,0.0,0.0,0.0,1.6351964,0.0,0.0,0.0,0.0,0.0,0.0,0.0,0.0,0.0,0.0,0.0,0.27749372,0.0,0.0,0.0,0.0,0.0,0.0,0.0,0.0,0.0,0.0,0.0,1.1146705,0.0,0.0,0.0,0.0,0.0,0.25411868,0.0,0.0,0.058423102,0.0,0.0,4.377718,0.0,0.0,0.19302386,0.0,0.0,12.536172,0.0,0.0,0.0,0.0,0.0,0.0,0.0,0.0,0.0,0.0,0.0,0.0,0.0,0.0
47,8.854828,7.4927864,8.841667,14.763599,9.68625,10.455237,11.479622,0.074355125,16.332907,0.0,0.0,0.0,0.0,9.379785,2.0791025,0.0,0.028069973,12.09696,0.2996254,0.0,0.0,7.835547,11.409363,0.0,0.0,0.0,0.0,0.0,8.878236,0.0,0.0,2.000349,0.0,8.519693,0.0,0.0,0.0,0.0,0.16830465,11.930692,0.0,0.0,0.0,0.0,0.0,0.0,0.0,0.0,0.0,0.0,0.0,0.0,0.0,0.0,0.0,0.0,0.0,0.0,0.0,0.0,0.0,0.0,0.06182134,0.0,0.0,0.0,0.0,0.0,0.0,0.0,0.028053,0.0,0.0,0.0,0.0,0.0,0.0,0.0,0.0,0.0,0.0,0.0,0.0,1.0405703,0.0,0.0,0.0,0.0,0.0,0.0,0.0,0.0,0.0,0.0,0.0,0.0,0.0,0.0,0.0,0.0,0.0,0.0,0.0,0.0,0.0,0.0,0.0,0.0,0.0,0.0,0.0,0.0,0.0,0.0,0.0,0.0,0.0,0.0,0.0,0.0,0.0,0.0,0.0,0.0,0.0,0.0,0.0,0.0,0.0,1.7617801,0.0,0.0,0.0,0.0,0.0,0.0,0.0,0.0,0.0,0.0,0.0,0.0,0.0,0.0,0.0,0.0,0.0,0.0,0.0,0.0,0.0,0.0,0.0,0.0,0.0,0.0,0.0,0.0,0.0,0.0,0.0,0.0,0.0,0.0,0.0,0.0,0.0,0.0,0.0,0.0,0.0,0.0,0.0,0.0,0.0,0.0,0.0,0.0,0.0,0.0,0.0,0.0,0.0,0.0,0.0,0.0,0.0,0.0,0.0,0.0
48,14.39881,13.398881,13.991881,14.287962,13.290033,15.615778,18.33982,25.540966,22.473808,0.0,0.0,0.0,0.0,16.580574,11.328839,0.0,15.502951,19.406096,12.900886,0.0,0.0,0.0,0.0,0.0,12.966801,0.0,0.0,0.0,0.0,14.973406,0.0,0.0,0.0,0.0,0.0,0.0,0.0,0.0,0.12262842,0.0,0.0,0.0,0.0,0.0,0.0,0.0,0.0,0.0,0.07319316,0.0,0.0,0.0,0.0,0.0,12.12548,0.0,0.0,0.0,0.0,0.0,0.17642471,0.0,0.0,0.061461776,0.0,0.0,0.0,0.0,0.0,0.0,0.0,0.37827343,0.0,0.0,0.0,0.0,0.0,0.0,0.0,0.0,0.0,0.0,0.0,0.0,0.0,0.0,0.0,0.0,0.0,0.0,0.0,0.0,0.34621856,0.0,0.0,0.0,0.0,0.0,0.0,0.0,0.0,0.0,0.0,0.0,0.0,0.0,0.0,0.0,0.0,0.0,0.0,0.0,0.0,0.0,0.0,0.0,0.0,0.0,0.0,0.0,0.0,0.0,0.0,0.0,0.0,0.0,0.0,0.0,0.0,1.0648413,0.0,0.0,0.0,0.0,0.0,0.0,0.0,0.0,0.0,0.0,0.0,0.0,0.0,0.0,0.0,0.0,0.0,0.0,0.0,0.0,0.0,0.0,0.0,0.0,0.0,0.0,0.0,0.0,0.0,0.0,0.0,0.0,0.0,0.0,0.0,0.0,0.0,0.0,0.0,0.0,0.0,0.0,0.0,0.0,0.0,0.0,0.0,0.0,0.0,0.0,0.0,0.0,0.0,0.0,0.0,0.0,0.0,0.0,0.0,0.0
49,0.0,0.0,0.0,18.43597,0.0,0.0,0.0,0.0,0.0,0.0,0.0,0.0,140.10762,101.34757,28.462244,0.0,3.5607753,0.0,0.0,0.0,2.6505592,0.0,57.59209,0.0,0.0,11.98825,2.3152418,3.6684394,0.0,0.0,12.406975,0.0,44.903774,0.0,0.0,0.0,0.0,0.0,0.0,0.0,1.2278916,0.0,0.0,3.8863406,0.0,0.0,5.3662934,0.0,0.0,38.88532,51.17243,54.878723,0.0,0.0,0.0,0.0,26.626072,62.835358,28.30938,0.0,0.0,0.0,10.365461,0.0,0.0,0.0,0.0,13.975258,9.628621,15.545843,0.05686699,0.0,0.0,0.0,0.0,0.0,1.4805564,0.0,5.803205,0.0,0.0,0.0,6.3028097,0.0,38.941505,0.0,0.0,0.0,0.0,0.25186095,0.0,1.1174674,0.0,16.135403,0.0,0.0,36.79186,0.22432849,75.41622,0.0,0.0,27.78446,0.0,4.132346,0.0,0.0,0.0,0.0,0.0,0.0,0.0,0.0,0.0,0.0,0.0,0.0,0.0,0.0,2.6849124,0.0,0.7684616,0.0,0.0,0.0,0.5277186,0.0,0.0,0.0,0.0,9.912205,1.233017,0.0,0.0,5.6722717,0.0,0.0,0.0,0.0,0.0,0.0,0.0,0.0,0.0,0.0,0.2664932,1.7720089,0.0,0.0,0.0,0.0,1.6317861,0.0,0.0,0.0,0.0,0.0,0.17469358,3.8970757,0.0,1.0115373,0.0,0.0,0.0,0.9795425,0.0,0.3286575,0.80314744,0.0,0.0,8.994189,0.0,0.0,1.4937687,0.0,0.0,29.66618,0.0,0.0,0.0,0.0,0.0,0.0,0.0,0.0,0.0,0.0,0.0,0.0,0.2532009,0.0
50,12.633655,12.161106,12.36165,13.273021,12.190987,13.886917,16.428305,22.569416,20.317574,0.0,0.0,0.0,0.0,15.347396,10.383877,0.0,13.511228,17.166256,11.6302395,0.025044575,0.0,0.0,0.0,0.0,10.908876,0.0,0.0,0.0,0.0,13.244169,0.0,0.0,0.0,0.0,0.0,0.0,0.0,0.0,0.19092272,0.0,0.0,0.0,0.0,0.0,0.0,0.0,0.0,0.0,0.047618233,0.0,0.0,0.0,0.0,0.0,10.343056,0.0,0.0,0.0,0.0,0.0,0.0760954,0.0,0.0,0.124883845,0.0,0.0,0.0,0.0,0.0,0.0,0.0,0.255447,0.0,0.0,0.0,0.0,0.0,0.0,0.0,0.0,0.0,0.0,0.0,0.0,0.0,0.0,0.0,0.0,0.0,0.0,0.0,0.0,0.28559485,0.0,0.0,0.0,0.0,0.0,0.0,0.0,0.0,0.0,0.0,0.0,0.0,0.0,0.0,0.0,0.0,0.0,0.0,0.0,0.0,0.0,0.0,0.0,0.0,0.0,0.0,0.0,0.0,0.0,0.0,0.0,0.0,0.0,0.0,0.0,0.0,1.0914562,0.0,0.0,0.0,0.0,0.0,0.0,0.0,0.0,0.0,0.0,0.0,0.0,0.0,0.0,0.0,0.0,0.0,0.0,0.0,0.0,0.0,0.0,0.0,0.0,0.0,0.0,0.0,0.0,0.0,0.0,0.0,0.0,0.0,0.0,0.0,0.0,0.0,0.0,0.0,0.0,0.0,0.0,0.0,0.0,0.0,0.0,0.0,0.0,0.0,0.0,0.0,0.0,0.0,0.0,0.0,0.0,0.0,0.0,0.0,0.0
51,0.0,0.57463694,0.0,19.062243,0.0,0.0,0.0,0.0,0.0,0.0,0.0,0.0,58.60939,46.58013,12.765953,0.0,0.0,0.0,0.0,0.0,0.0,0.0,31.050682,0.0,0.0,0.6344316,0.8559332,0.0,0.0,0.0,3.446297,0.0,20.149422,0.0,0.0,0.0,0.0,0.0,0.0,0.0,0.0,0.0,0.0,0.0,0.0,0.0,0.0,0.0,0.0,14.139791,22.176203,22.384413,0.0,0.0,0.0,0.0,11.603078,25.380924,10.400178,0.0,0.0,0.0,3.848281,0.0,0.0,0.0,0.0,0.0,0.0,5.7994413,0.0,0.0,0.0,0.0,0.0,0.0,0.0,0.0,2.0294962,0.0,0.0,0.0,0.014031172,0.0,17.172972,0.0,0.0,0.0,0.0,0.0,0.0,0.0,0.0,7.226651,0.0,0.0,14.669785,0.0,32.06225,0.0,0.0,7.805739,0.0,0.0,0.0,0.0,0.0,0.0,0.0,0.0,0.0,0.0,0.0,0.0,0.0,0.0,0.0,0.0,0.50797176,0.0,0.0,0.0,0.0,0.0,0.0,0.0,0.0,0.0,0.0,5.737876,0.0,0.0,0.0,1.007194,0.0,0.0,0.0,0.0,0.0,0.0,0.0,0.0,0.0,0.0,0.0,0.02056253,0.0,0.0,0.0,0.0,0.0,0.0,0.0,0.0,0.0,0.0,0.0,0.6778115,0.0,0.0,0.0,0.0,0.0,0.15489918,0.0,0.0,0.0,0.0,0.0,3.605454,0.0,0.0,0.0,0.0,0.0,9.757034,0.0,0.0,0.0,0.0,0.0,0.0,0.0,0.0,0.0,0.0,0.0,0.0,0.0,0.0
52,12.591643,8.253273,10.540022,19.204243,11.193304,13.850925,14.96906,0.0,23.007446,0.0,0.0,0.0,0.0,10.349966,0.0,0.0,0.0,16.717215,0.0,0.0,0.0,14.941377,22.351082,0.0,0.0,0.0,0.0,0.0,15.8048525,0.0,0.0,3.1241539,0.74717665,17.526844,0.0,0.0,0.0,0.0,0.11518538,17.240711,0.0,0.0,0.0,0.0,0.0,0.0,0.0,0.0,0.0,0.0,0.0,0.0,0.0,0.0,0.0,0.0,1.0369276,0.0,0.0,0.0,0.0,0.0,0.47805202,0.0,0.0,0.0,0.0,0.0,0.0,0.0,0.15157884,0.0,0.0,0.0,0.0,0.0,0.0,0.0,0.0,0.08076453,0.0,1.2383015,0.0,1.9803,0.0,0.0,0.0,0.0,0.0,0.0,0.0,0.0,0.0,0.05636525,0.0,0.0,0.0,0.0,0.0,0.0,0.0,0.0,0.0,0.0,0.0,0.0,0.0,0.0,0.0,0.0,0.0,0.0,0.0,0.0,0.0,0.0,0.0,0.0,0.0,0.0,0.0,0.0,0.0,0.0,0.0,0.0,0.0,0.0,0.0,2.195049,0.0,0.0,0.0,0.0,0.0,0.0,0.0,0.0,0.0,0.0,0.0,0.00042009354,0.23926914,0.0,0.0,0.0,0.0,0.0,0.0,0.0,0.0,0.0,0.0,0.0,0.0,0.0,0.0,0.0,0.0,0.0,0.0,0.0,0.0,0.0,0.0,0.0,0.0,0.0,0.0,0.0,0.0,0.0,0.0,0.0,0.0,0.0,0.0,0.0,0.0,0.0,0.0,0.0,0.0,0.0,0.0,0.0,0.0,0.0,0.0,0.0
53,9.602484,7.339825,8.370008,16.251925,9.70972,10.687098,11.684368,0.0,18.227108,0.0,0.0,0.0,0.0,10.030546,0.7255125,0.0,0.0,12.765092,0.0,0.0,0.0,10.21359,15.890876,0.0,0.0,0.0,0.0,0.0,10.968321,0.0,0.0,2.2034488,0.2857089,11.866395,0.0,0.0,0.0,0.0,0.0,13.016341,0.0,0.0,0.0,0.0,0.0,0.0,0.0,0.0,0.0,0.0,0.0,0.0,0.0,0.0,0.0,0.0,0.52338016,0.0,0.0,0.0,0.0,0.0,0.29398578,0.0,0.0,0.0,0.0,0.0,0.0,0.0,0.06262088,0.0,0.0,0.0,0.0,0.0,0.0,0.0,0.0,0.0,0.0,0.5746577,0.0,1.3469481,0.0,0.0,0.0,0.0,0.0,0.0,0.0,0.0,0.0,0.0,0.0,0.0,0.0,0.0,0.0,0.0,0.0,0.0,0.0,0.0,0.0,0.0,0.0,0.0,0.0,0.0,0.0,0.0,0.0,0.0,0.0,0.0,0.0,0.0,0.0,0.0,0.0,0.0,0.0,0.0,0.0,0.0,0.0,0.0,0.0,1.9610627,0.0,0.0,0.0,0.0,0.0,0.0,0.0,0.0,0.0,0.0,0.0,0.0,0.016700506,0.0,0.0,0.0,0.0,0.0,0.0,0.0,0.0,0.0,0.0,0.0,0.0,0.0,0.0,0.0,0.0,0.0,0.0,0.0,0.0,0.0,0.0,0.0,0.0,0.0,0.0,0.0,0.0,0.0,0.0,0.0,0.0,0.0,0.0,0.0,0.0,0.0,0.0,0.0,0.0,0.0,0.0,0.0,0.0,0.0,0.0,0.0
54,8.577171,9.184321,8.804636,11.434402,9.92737,9.871918,12.129544,13.888187,15.360895,0.122006774,0.0,0.0,0.0,12.300651,7.6814737,0.0,7.6429787,12.142185,7.60269,0.119066395,0.0,0.0,0.0,0.0,4.875649,0.0,0.0,0.0,0.77720517,7.952931,0.0,0.21120918,0.0,0.0,0.0,0.0,0.0,0.0,0.31260765,0.9699027,0.0,0.0,0.0,0.0,0.0,0.0,0.0,0.0,0.0010282025,0.0,0.0,0.0,0.0,0.0,4.9363194,0.0,0.0,0.0,0.0,0.0,0.0,0.0,0.0,0.21940541,0.0,0.0,0.0,0.0,0.0,0.0,0.0,0.0,0.0,0.0,0.0,0.0,0.0,0.0,0.0,0.0,0.0,0.0,0.0,0.0,0.0,0.0,0.0,0.0,0.0,0.0,0.0,0.0,0.11917261,0.0,0.0,0.0,0.0,0.0,0.0,0.0,0.0,0.0,0.0,0.0,0.0,0.0,0.0,0.0,0.0,0.0,0.0,0.0,0.0,0.0,0.0,0.0,0.0,0.0,0.0,0.0,0.0,0.0,0.0,0.0,0.0,0.0,0.0,0.0,0.0,1.1951877,0.0,0.0,0.0,0.0,0.0,0.0,0.0,0.0,0.0,0.0,0.0,0.0,0.0,0.0,0.0,0.0,0.0,0.0,0.0,0.0,0.0,0.0,0.0,0.0,0.0,0.0,0.0,0.0,0.0,0.0,0.0,0.0,0.0,0.0,0.0,0.0,0.0,0.0,0.0,0.0,0.0,0.0,0.0,0.0,0.0,0.0,0.0,0.0,0.0,0.0,0.0,0.0,0.0,0.0,0.0,0.0,0.0,0.0,0.0,0.0
55,0.0,0.015994549,0.0,19.190983,0.0,0.0,0.0,0.0,0.0,0.0,0.0,0.0,71.39311,54.301094,15.239181,0.0,0.0,0.0,0.0,0.0,0.0,0.0,35.999165,0.0,0.0,2.4215503,1.0865632,0.0,0.0,0.0,4.69939,0.0,24.189987,0.0,0.0,0.0,0.0,0.0,0.0,0.0,0.0,0.0,0.0,0.0,0.0,0.0,0.619009,0.0,0.0,18.011515,26.802412,27.508104,0.0,0.0,0.0,0.0,13.99289,31.350681,13.197287,0.0,0.0,0.0,4.9231625,0.0,0.0,0.0,0.0,1.4969501,0.0,7.286724,0.0,0.0,0.0,0.0,0.0,0.0,0.0,0.0,2.5797803,0.0,0.0,0.0,1.1425524,0.0,20.640852,0.0,0.0,0.0,0.0,0.0,0.0,0.0,0.0,8.694604,0.0,0.0,18.178448,0.0,38.84064,0.0,0.0,10.917473,0.0,0.0,0.0,0.0,0.0,0.0,0.0,0.0,0.0,0.0,0.0,0.0,0.0,0.0,0.0,0.0,0.8647313,0.0,0.0,0.0,0.0,0.0,0.0,0.0,0.0,0.0,0.0,6.47278,0.0,0.0,0.0,1.6981982,0.0,0.0,0.0,0.0,0.0,0.0,0.0,0.0,0.0,0.0,0.0,0.31846905,0.0,0.0,0.0,0.0,0.0,0.0,0.0,0.0,0.0,0.0,0.0,1.1697555,0.0,0.0,0.0,0.0,0.0,0.3026334,0.0,0.0,0.10815728,0.0,0.0,4.4752455,0.0,0.0,0.21940464,0.0,0.0,12.702594,0.0,0.0,0.0,0.0,0.0,0.0,0.0,0.0,0.0,0.0,0.0,0.0,0.0,0.0
56,14.8250265,13.697756,14.385519,14.5330305,13.55541,16.03323,18.801376,26.25848,22.994457,0.0,0.0,0.0,0.0,16.878338,11.557011,0.0,15.983873,19.94693,13.207697,0.0,0.0,0.0,0.0,0.0,13.463709,0.0,0.0,0.0,0.0,15.390949,0.0,0.0,0.0,0.0,0.0,0.0,0.0,0.0,0.10613802,0.0,0.0,0.0,0.0,0.0,0.0,0.0,0.0,0.0,0.07936851,0.0,0.0,0.0,0.0,0.0,12.555865,0.0,0.0,0.0,0.0,0.0,0.20065036,0.0,0.0,0.046147823,0.0,0.0,0.0,0.0,0.0,0.0,0.0,0.4079312,0.0,0.0,0.0,0.0,0.0,0.0,0.0,0.0,0.0,0.0,0.0,0.0,0.0,0.0,0.0,0.0,0.0,0.0,0.0,0.0,0.3608568,0.0,0.0,0.0,0.0,0.0,0.0,0.0,0.0,0.0,0.0,0.0,0.0,0.0,0.0,0.0,0.0,0.0,0.0,0.0,0.0,0.0,0.0,0.0,0.0,0.0,0.0,0.0,0.0,0.0,0.0,0.0,0.0,0.0,0.0,0.0,0.0,1.0584147,0.0,0.0,0.0,0.0,0.0,0.0,0.0,0.0,0.0,0.0,0.0,0.0,0.0,0.0,0.0,0.0,0.0,0.0,0.0,0.0,0.0,0.0,0.0,0.0,0.0,0.0,0.0,0.0,0.0,0.0,0.0,0.0,0.0,0.0,0.0,0.0,0.0,0.0,0.0,0.0,0.0,0.0,0.0,0.0,0.0,0.0,0.0,0.0,0.0,0.0,0.0,0.0,0.0,0.0,0.0,0.0,0.0,0.0,0.0,0.0
57,10.993467,8.058213,10.162361,17.452179,10.701153,12.412077,13.492395,0.0,20.093122,0.0,0.0,0.0,0.0,10.017901,0.22500563,0.0,0.0,14.911035,0.0,0.0,0.0,11.62084,17.393152,0.0,0.0,0.0,0.0,0.0,12.637766,0.0,0.0,2.6693938,0.10403705,13.446871,0.0,0.0,0.0,0.0,0.1636681,14.975753,0.0,0.0,0.0,0.0,0.0,0.0,0.0,0.0,0.0,0.0,0.0,0.0,0.0,0.0,0.0,0.0,0.5097605,0.0,0.0,0.0,0.0,0.0,0.26970494,0.0,0.0,0.0,0.0,0.0,0.0,0.0,0.09136078,0.0,0.0,0.0,0.0,0.0,0.0,0.0,0.0,0.0,0.0,0.5494615,0.0,1.5402195,0.0,0.0,0.0,0.0,0.0,0.0,0.0,0.0,0.0,0.0,0.0,0.0,0.0,0.0,0.0,0.0,0.0,0.0,0.0,0.0,0.0,0.0,0.0,0.0,0.0,0.0,0.0,0.0,0.0,0.0,0.0,0.0,0.0,0.0,0.0,0.0,0.0,0.0,0.0,0.0,0.0,0.0,0.0,0.0,0.0,2.0069625,0.0,0.0,0.0,0.0,0.0,0.0,0.0,0.0,0.0,0.0,0.0,0.0,0.07041085,0.0,0.0,0.0,0.0,0.0,0.0,0.0,0.0,0.0,0.0,0.0,0.0,0.0,0.0,0.0,0.0,0.0,0.0,0.0,0.0,0.0,0.0,0.0,0.0,0.0,0.0,0.0,0.0,0.0,0.0,0.0,0.0,0.0,0.0,0.0,0.0,0.0,0.0,0.0,0.0,0.0,0.0,0.0,0.0,0.0,0.0,0.0
58,0.0,0.67892504,0.0,20.70693,0.0,0.0,0.0,0.0,0.0,0.0,0.0,0.0,64.543655,51.079674,13.142336,0.0,0.0,0.0,0.0,0.0,0.0,0.0,36.033398,0.0,0.0,1.4291086,0.98973715,0.0,0.0,0.0,3.881042,0.0,22.599857,0.0,0.0,0.0,0.0,0.0,0.0,0.0,0.0,0.0,0.0,0.0,0.0,0.0,0.30545664,0.0,0.0,15.844213,24.633646,24.930061,0.0,0.0,0.0,0.0,13.06723,28.308792,11.544856,0.0,0.0,0.0,4.4226656,0.0,0.0,0.0,0.0,0.7525909,0.0,6.5086794,0.0,0.0,0.0,0.0,0.0,0.0,0.0,0.0,2.246603,0.0,0.0,0.0,0.51690173,0.0,19.249937,0.0,0.0,0.0,0.0,0.0,0.0,0.0,0.0,8.097911,0.0,0.0,16.34211,0.0,35.594387,0.0,0.0,8.623102,0.0,0.0,0.0,0.0,0.0,0.0,0.0,0.0,0.0,0.0,0.0,0.0,0.0,0.0,0.0,0.0,0.72924185,0.0,0.0,0.0,0.0,0.0,0.0,0.0,0.0,0.0,0.0,6.2136984,0.0,0.0,0.0,1.0983465,0.0,0.0,0.0,0.0,0.0,0.0,0.0,0.0,0.0,0.0,0.0,0.25524116,0.0,0.0,0.0,0.0,0.0,0.0,0.0,0.0,0.0,0.0,0.0,0.86464167,0.0,0.0,0.0,0.0,0.0,0.20741045,0.0,0.0,0.03790003,0.0,0.0,4.0643477,0.0,0.0,0.06721014,0.0,0.0,10.794046,0.0,0.0,0.0,0.0,0.0,0.0,0.0,0.0,0.0,0.0,0.0,0.0,0.0,0.0
59,18.321362,11.118529,13.541437,20.211575,25.543404,14.701229,3.198534,34.77162,26.867464,9.712509,4.236277,19.107054,11.396723,0.0,11.426809,14.27677,9.718384,2.5579138,0.0,5.36019,12.636774,10.671803,7.4069242,0.26596242,11.220032,18.141012,0.0,0.0,0.0,0.0,4.2927623,1.6308222,0.53534603,0.0,15.137872,0.0,0.0,0.0,0.0,0.0,0.0,5.4527335,0.0,0.0,0.0,0.0,0.0,4.252424,0.0,0.0,0.0,0.0,9.918912,3.411129,0.0,0.0,0.0,0.0,0.0,0.0,0.93660915,0.0,0.0,0.0,2.8805778,0.0,0.0,0.0,0.0,0.0,0.0,0.0,0.0,9.456701,1.9662932,0.23296988,0.0,0.0,0.0,0.0,0.0,4.7342415,0.0,3.3182688,0.0,0.0,0.0,0.55857307,0.0,0.0,0.0,0.0,0.0,0.0,0.0,0.0,0.0,0.0,0.0,0.0,1.0683634,0.0,0.0,0.0,0.0,5.9495,0.053207934,0.0,0.0,0.0,0.0,0.0,0.0,1.2831485,0.0,0.0,0.0,0.0,0.0,0.0,0.0,0.0,0.0,2.7545872,0.0,0.0,0.0,3.3492641,0.0,0.0,0.0,0.0,0.0,0.0,0.0,0.0,0.0,0.0,0.0,0.0,0.0,0.0,0.0,0.0,0.0,0.0,0.0,0.0,0.0,0.0,0.0,0.0,0.0,0.0,0.0,0.0,0.0,0.0,0.0,3.220498,0.0,0.0,0.0,0.0,0.0,0.0,0.0,0.0,0.0,0.0,0.0,0.0,0.0,0.0,0.0,0.0,0.0,0.0,0.0,0.0,0.0,0.0,0.0,0.0,0.0,0.0,0.0,0.0,0.0,0.0
60,7.8159685,7.1935616,8.185649,13.409091,9.324884,9.373601,10.6225395,1.4846125,14.691754,0.0,0.0,0.0,0.0,9.432428,3.0353131,0.0,0.6112547,11.005897,1.2110109,0.0,0.0,5.95441,8.629829,0.0,0.0,0.0,0.0,0.0,6.991435,0.0,0.0,1.6781852,0.0,6.3384004,0.0,0.0,0.0,0.0,0.17012995,8.870022,0.0,0.0,0.0,0.0,0.0,0.0,0.0,0.0,0.0,0.0,0.0,0.0,0.0,0.0,0.0,0.0,0.0,0.0,0.0,0.0,0.0,0.0,0.0,0.0,0.0,0.0,0.0,0.0,0.0,0.0,0.0,0.0,0.0,0.0,0.0,0.0,0.0,0.0,0.0,0.0,0.0,0.0,0.0,0.7710846,0.0,0.0,0.0,0.0,0.0,0.0,0.0,0.0,0.0,0.0,0.0,0.0,0.0,0.0,0.0,0.0,0.0,0.0,0.0,0.0,0.0,0.0,0.0,0.0,0.0,0.0,0.0,0.0,0.0,0.0,0.0,0.0,0.0,0.0,0.0,0.0,0.0,0.0,0.0,0.0,0.0,0.0,0.0,0.0,0.0,1.6335882,0.0,0.0,0.0,0.0,0.0,0.0,0.0,0.0,0.0,0.0,0.0,0.0,0.0,0.0,0.0,0.0,0.0,0.0,0.0,0.0,0.0,0.0,0.0,0.0,0.0,0.0,0.0,0.0,0.0,0.0,0.0,0.0,0.0,0.0,0.0,0.0,0.0,0.0,0.0,0.0,0.0,0.0,0.0,0.0,0.0,0.0,0.0,0.0,0.0,0.0,0.0,0.0,0.0,0.0,0.0,0.0,0.0,0.0,0.0,0.0
61,15.578387,14.226032,15.081293,14.966204,14.024479,16.771101,19.617203,27.526724,23.914726,0.0,0.0,0.0,0.0,17.404654,11.960317,0.0,16.833933,20.902882,13.750003,0.0,0.0,0.0,0.0,0.0,14.342021,0.0,0.0,0.0,0.0,16.128979,0.0,0.0,0.0,0.0,0.0,0.0,0.0,0.0,0.07699031,0.0,0.0,0.0,0.0,0.0,0.0,0.0,0.0,0.0,0.09028377,0.0,0.0,0.0,0.0,0.0,13.316595,0.0,0.0,0.0,0.0,0.0,0.24347043,0.0,0.0,0.019079566,0.0,0.0,0.0,0.0,0.0,0.0,0.0,0.46035302,0.0,0.0,0.0,0.0,0.0,0.0,0.0,0.0,0.0,0.0,0.0,0.0,0.0,0.0,0.0,0.0,0.0,0.0,0.0,0.0,0.3867307,0.0,0.0,0.0,0.0,0.0,0.0,0.0,0.0,0.0,0.0,0.0,0.0,0.0,0.0,0.0,0.0,0.0,0.0,0.0,0.0,0.0,0.0,0.0,0.0,0.0,0.0,0.0,0.0,0.0,0.0,0.0,0.0,0.0,0.0,0.0,0.0,1.0470556,0.0,0.0,0.0,0.0,0.0,0.0,0.0,0.0,0.0,0.0,0.0,0.0,0.0,0.005647391,0.0,0.0,0.0,0.0,0.0,0.0,0.0,0.0,0.0,0.0,0.0,0.0,0.0,0.0,0.0,0.0,0.0,0.0,0.0,0.0,0.0,0.0,0.0,0.0,0.0,0.0,0.0,0.0,0.0,0.0,0.0,0.0,0.0,0.0,0.0,0.0,0.0,0.0,0.0,0.0,0.0,0.0,0.0,0.0,0.0,0.0
62,9.827549,7.614523,9.343961,16.012436,10.055402,11.392751,12.321186,0.0,18.012142,0.0,0.0,0.0,0.0,9.467438,0.9673977,0.0,0.0,13.271076,0.0,0.0,0.0,9.878012,14.509838,0.0,0.0,0.0,0.0,0.0,10.910479,0.0,0.0,2.332062,0.0,11.064073,0.0,0.0,0.0,0.0,0.13557205,13.707233,0.0,0.0,0.0,0.0,0.0,0.0,0.0,0.0,0.0,0.0,0.0,0.0,0.0,0.0,0.0,0.0,0.2551719,0.0,0.0,0.0,0.0,0.0,0.18238634,0.0,0.0,0.0,0.0,0.0,0.0,0.0,0.06433146,0.0,0.0,0.0,0.0,0.0,0.0,0.0,0.0,0.0,0.0,0.3056258,0.0,1.3133545,0.0,0.0,0.0,0.0,0.0,0.0,0.0,0.0,0.0,0.0,0.0,0.0,0.0,0.0,0.0,0.0,0.0,0.0,0.0,0.0,0.0,0.0,0.0,0.0,0.0,0.0,0.0,0.0,0.0,0.0,0.0,0.0,0.0,0.0,0.0,0.0,0.0,0.0,0.0,0.0,0.0,0.0,0.0,0.0,0.0,1.8963423,0.0,0.0,0.0,0.0,0.0,0.0,0.0,0.0,0.0,0.0,0.0,0.0,0.0,0.0,0.0,0.0,0.0,0.0,0.0,0.0,0.0,0.0,0.0,0.0,0.0,0.0,0.0,0.0,0.0,0.0,0.0,0.0,0.0,0.0,0.0,0.0,0.0,0.0,0.0,0.0,0.0,0.0,0.0,0.0,0.0,0.0,0.0,0.0,0.0,0.0,0.0,0.0,0.0,0.0,0.0,0.0,0.0,0.0,0.0,0.0
63,0.0,4.249266,0.0,18.16136,5.5087194,0.0,0.0,0.0,0.0,0.0,0.0,0.0,18.675028,22.436115,3.4997396,0.0,0.0,0.0,0.0,0.0,0.0,4.587629,25.836737,0.0,0.0,0.0,0.11538637,0.0,0.1687352,0.0,0.0,0.0,7.784588,6.170176,0.0,0.0,0.0,0.0,0.0,4.6646214,0.0,0.0,0.0,0.0,0.0,0.0,0.0,0.0,0.0,2.260834,7.2175126,4.962986,0.0,0.0,0.0,0.0,4.7870336,5.9424977,1.7431964,0.0,0.0,0.0,1.7356282,0.0,0.0,0.0,0.0,0.0,0.0,1.9437227,0.0,0.0,0.0,0.0,0.0,0.0,0.0,0.0,0.5660088,0.0,0.0,0.3329748,0.0,0.0,5.1481137,0.0,0.0,0.0,0.0,0.0,0.0,0.0,0.0,2.5735908,0.0,0.0,2.9006035,0.0,9.144254,0.0,0.0,0.0,0.0,0.0,0.0,0.0,0.0,0.0,0.0,0.0,0.0,0.0,0.0,0.0,0.0,0.0,0.0,0.0,0.0,0.0,0.0,0.0,0.0,0.0,0.0,0.0,0.0,0.0,0.0,3.5186448,0.0,0.0,0.0,0.0,0.0,0.0,0.0,0.0,0.0,0.0,0.0,0.0,0.0,0.0,0.0,0.0,0.0,0.0,0.0,0.0,0.0,0.0,0.0,0.0,0.0,0.0,0.0,0.0,0.0,0.0,0.0,0.0,0.0,0.0,0.0,0.0,0.0,0.0,0.0,0.79504704,0.0,0.0,0.0,0.0,0.0,0.0,0.0,0.0,0.0,0.0,0.0,0.0,0.0,0.0,0.0,0.0,0.0,0.0,0.0,0.0
64,37.564262,17.499758,25.867664,36.843746,52.722572,26.388687,0.0,68.96017,48.400414,21.985558,8.004724,48.459995,25.391329,0.0,18.230658,32.401382,14.637472,0.0,0.0,12.421864,33.205654,27.907856,19.415897,0.0,23.387547,47.35447,0.0,0.0,0.0,0.0,11.069954,3.1818664,3.916532,0.0,41.239494,0.0,0.0,0.0,0.0,0.0,0.0,13.97384,0.0,0.0,0.0,0.0,0.0,10.630183,0.17836711,0.0,0.0,0.0,25.00202,10.076458,0.0,0.0,0.0,0.0,0.0,0.0,2.699233,0.0,0.0,0.0,7.1910453,0.0,0.0,0.0,0.0,0.0,0.0,0.0,0.0,23.71777,6.0193486,0.86602545,0.0,0.0,0.0,0.0,0.0,13.354155,0.08752251,7.7683873,0.0,0.0,0.0,1.7104442,0.0,0.0,0.0,0.0,0.0,0.992738,0.0,0.0,0.0,0.0,0.0,0.0,3.2975721,0.0,0.0,0.0,0.0,14.810363,0.5563996,0.0,0.0,0.0,0.0,0.0,0.0,3.6228013,0.0,0.0,0.0,0.31348482,0.0,0.007146448,0.0,0.0,0.0,7.021003,0.0,0.0,0.0,8.352615,0.0,0.0,0.0,0.0,0.0,0.0,0.0,0.0,0.0,0.0,0.0,0.0,0.0,0.0,0.0,0.0,0.0,0.0,0.0,0.0,0.0,0.0,0.0,0.0,0.0,0.0,0.0,0.0,0.0,0.3381257,0.0,8.322968,0.0,0.0,0.0,0.0,0.0,0.0,0.0,0.0,0.0,0.0,0.0,0.0,0.0,0.0,0.0,0.0,0.0,0.0,0.0,0.0,0.0,0.0,0.0,0.0,0.0,0.0,0.0,0.0,0.0,0.0
65,6.563736,7.6803794,7.1228504,10.515348,8.798296,7.9314313,10.013029,9.437833,12.816106,0.18677306,0.0,0.0,0.22891816,10.70192,6.2613378,0.0,4.7203093,9.643802,5.5525026,0.15080969,0.0,0.9000164,1.3045219,0.0,1.767272,0.0,0.0,0.0,1.6700767,5.1991034,0.0,0.70975184,0.0,0.34588206,0.0,0.0,0.0,0.0,0.36257577,2.58735,0.0,0.0,0.0,0.0,0.0,0.0,0.0,0.03242424,0.0,0.0,0.0,0.0,0.0,0.0,2.1316576,0.0,0.0,0.0,0.0,0.0,0.0,0.0,0.0,0.27181384,0.0,0.0,0.0,0.0,0.0,0.0,0.0,0.0,0.0,0.0,0.0,0.0,0.0,0.0,0.0,0.0,0.0,0.0,0.0,0.16594005,0.0,0.0,0.0,0.0,0.0,0.0,0.0,0.0,0.036066316,0.0,0.0,0.0,0.0,0.0,0.0,0.0,0.0,0.0,0.0,0.0,0.0,0.0,0.0,0.0,0.0,0.0,0.0,0.0,0.0,0.0,0.0,0.0,0.0,0.0,0.0,0.0,0.0,0.0,0.0,0.0,0.0,0.0,0.0,0.0,0.0,1.2485956,0.0,0.0,0.0,0.0,0.0,0.0,0.0,0.0,0.0,0.0,0.0,0.0,0.0,0.0,0.0,0.0,0.0,0.0,0.0,0.0,0.0,0.0,0.0,0.0,0.0,0.0,0.0,0.0,0.0,0.0,0.0,0.0,0.0,0.0,0.0,0.0,0.0,0.0,0.0,0.0,0.0,0.0,0.0,0.0,0.0,0.0,0.0,0.0,0.0,0.0,0.0,0.0,0.0,0.0,0.0,0.0,0.0,0.0,0.0,0.0
66,0.0,0.0,0.0,18.214966,0.0,0.0,0.0,0.0,0.0,0.0,0.0,0.0,113.605705,82.01629,23.066767,0.0,0.0,0.0,0.0,0.0,1.1337337,0.0,48.693104,0.0,0.0,8.338479,1.8563584,1.621352,0.0,0.0,9.199047,0.0,36.742554,0.0,0.0,0.0,0.0,0.0,0.0,0.0,0.31313145,0.0,0.0,2.1594498,0.0,0.0,3.3800797,0.0,0.0,30.809664,41.65726,44.332245,0.0,0.0,0.0,0.0,21.49025,50.648632,22.514435,0.0,0.0,0.0,8.245079,0.0,0.0,0.0,0.0,8.6496315,5.7854123,12.301104,0.0,0.0,0.0,0.0,0.0,0.0,0.0,0.0,4.4519315,0.0,0.0,0.0,4.209302,0.0,31.486277,0.0,0.0,0.0,0.0,0.121456504,0.0,0.61252725,0.0,13.208049,0.0,0.0,29.565237,0.09177485,61.317356,0.0,0.0,21.473372,0.0,2.320676,0.0,0.0,0.0,0.0,0.0,0.0,0.0,0.0,0.0,0.0,0.0,0.0,0.0,0.0,1.9615209,0.0,0.4485737,0.0,0.0,0.0,0.3000177,0.0,0.0,0.0,0.0,8.517931,0.6587513,0.0,0.0,4.15063,0.0,0.0,0.0,0.0,0.0,0.0,0.0,0.0,0.0,0.0,0.04673022,1.1768329,0.0,0.0,0.0,0.0,0.9947804,0.0,0.0,0.0,0.0,0.0,0.02131176,2.8097448,0.0,0.502832,0.0,0.0,0.0,0.72720385,0.0,0.18004304,0.50399935,0.0,0.0,7.2112756,0.0,0.0,1.0105352,0.0,0.0,23.20092,0.0,0.0,0.0,0.0,0.0,0.0,0.0,0.0,0.0,0.0,0.0,0.0,0.09513414,0.0
67,8.502057,7.37038,8.638076,14.300449,9.664426,10.090858,11.122932,0.33631516,15.872942,0.0,0.0,0.0,0.0,9.538,2.400619,0.0,0.081802845,11.77725,0.41781616,0.0,0.0,7.1964316,10.493652,0.0,0.0,0.0,0.0,0.0,8.254546,0.0,0.0,1.9074697,0.0,7.822059,0.0,0.0,0.0,0.0,0.15273127,10.171194,0.0,0.0,0.0,0.0,0.0,0.0,0.0,0.0,0.0,0.0,0.0,0.0,0.0,0.0,0.0,0.0,0.0,0.0,0.0,0.0,0.0,0.0,0.03570199,0.0,0.0,0.0,0.0,0.0,0.0,0.0,0.018152893,0.0,0.0,0.0,0.0,0.0,0.0,0.0,0.0,0.0,0.0,0.0,0.0,0.9348338,0.0,0.0,0.0,0.0,0.0,0.0,0.0,0.0,0.0,0.0,0.0,0.0,0.0,0.0,0.0,0.0,0.0,0.0,0.0,0.0,0.0,0.0,0.0,0.0,0.0,0.0,0.0,0.0,0.0,0.0,0.0,0.0,0.0,0.0,0.0,0.0,0.0,0.0,0.0,0.0,0.0,0.0,0.0,0.0,0.0,1.7187126,0.0,0.0,0.0,0.0,0.0,0.0,0.0,0.0,0.0,0.0,0.0,0.0,0.0,0.0,0.0,0.0,0.0,0.0,0.0,0.0,0.0,0.0,0.0,0.0,0.0,0.0,0.0,0.0,0.0,0.0,0.0,0.0,0.0,0.0,0.0,0.0,0.0,0.0,0.0,0.0,0.0,0.0,0.0,0.0,0.0,0.0,0.0,0.0,0.0,0.0,0.0,0.0,0.0,0.0,0.0,0.0,0.0,0.0,0.0,0.0
68,9.72967,7.7720046,9.477694,15.937662,10.218402,11.304856,12.167156,0.0,17.898039,0.0,0.0,0.0,0.0,9.67838,1.3929834,0.0,0.0,13.204979,0.0,0.0,0.0,9.313977,13.703755,0.0,0.0,0.0,0.0,0.0,10.387128,0.0,0.0,2.297898,0.0,10.401822,0.0,0.0,0.0,0.0,0.1567542,13.126642,0.0,0.0,0.0,0.0,0.0,0.0,0.0,0.0,0.0,0.0,0.0,0.0,0.0,0.0,0.0,0.0,0.15515387,0.0,0.0,0.0,0.0,0.0,0.1278941,0.0,0.0,0.0,0.0,0.0,0.0,0.0,0.05136749,0.0,0.0,0.0,0.0,0.0,0.0,0.0,0.0,0.0,0.0,0.055404663,0.0,1.2203212,0.0,0.0,0.0,0.0,0.0,0.0,0.0,0.0,0.0,0.0,0.0,0.0,0.0,0.0,0.0,0.0,0.0,0.0,0.0,0.0,0.0,0.0,0.0,0.0,0.0,0.0,0.0,0.0,0.0,0.0,0.0,0.0,0.0,0.0,0.0,0.0,0.0,0.0,0.0,0.0,0.0,0.0,0.0,0.0,0.0,1.863108,0.0,0.0,0.0,0.0,0.0,0.0,0.0,0.0,0.0,0.0,0.0,0.0,0.0,0.0,0.0,0.0,0.0,0.0,0.0,0.0,0.0,0.0,0.0,0.0,0.0,0.0,0.0,0.0,0.0,0.0,0.0,0.0,0.0,0.0,0.0,0.0,0.0,0.0,0.0,0.0,0.0,0.0,0.0,0.0,0.0,0.0,0.0,0.0,0.0,0.0,0.0,0.0,0.0,0.0,0.0,0.0,0.0,0.0,0.0,0.0
69,7.9105864,7.2285695,8.195337,13.52808,9.398647,9.450737,10.677538,1.3725815,14.89752,0.0,0.0,0.0,0.0,9.497378,2.9886885,0.0,0.4910717,11.096017,1.0966997,0.0,0.0,6.1297946,8.8643675,0.0,0.0,0.0,0.0,0.0,7.1576333,0.0,0.0,1.7084522,0.0,6.5458198,0.0,0.0,0.0,0.0,0.1652269,8.916116,0.0,0.0,0.0,0.0,0.0,0.0,0.0,0.0,0.0,0.0,0.0,0.0,0.0,0.0,0.0,0.0,0.0,0.0,0.0,0.0,0.0,0.0,0.0,0.0,0.0,0.0,0.0,0.0,0.0,0.0,0.0017546117,0.0,0.0,0.0,0.0,0.0,0.0,0.0,0.0,0.0,0.0,0.0,0.0,0.78367007,0.0,0.0,0.0,0.0,0.0,0.0,0.0,0.0,0.0,0.0,0.0,0.0,0.0,0.0,0.0,0.0,0.0,0.0,0.0,0.0,0.0,0.0,0.0,0.0,0.0,0.0,0.0,0.0,0.0,0.0,0.0,0.0,0.0,0.0,0.0,0.0,0.0,0.0,0.0,0.0,0.0,0.0,0.0,0.0,0.0,1.6418222,0.0,0.0,0.0,0.0,0.0,0.0,0.0,0.0,0.0,0.0,0.0,0.0,0.0,0.0,0.0,0.0,0.0,0.0,0.0,0.0,0.0,0.0,0.0,0.0,0.0,0.0,0.0,0.0,0.0,0.0,0.0,0.0,0.0,0.0,0.0,0.0,0.0,0.0,0.0,0.0,0.0,0.0,0.0,0.0,0.0,0.0,0.0,0.0,0.0,0.0,0.0,0.0,0.0,0.0,0.0,0.0,0.0,0.0,0.0,0.0
70,73.311745,30.537785,43.59897,64.52286,98.25391,44.731087,0.0,133.30405,84.8891,43.485268,13.549764,99.33484,48.307693,0.0,31.742437,66.25138,22.821766,0.0,0.0,27.413239,73.2032,60.25289,39.384647,0.0,37.90597,102.49772,0.51048315,10.964896,0.65113485,0.0,24.042044,6.0682807,10.439459,0.0,92.23761,0.0,1.1962713,0.0,0.0,0.0,0.0,31.671423,0.9240892,0.0,0.0,0.0,1.1261759,22.232471,0.4980973,0.6539125,0.0,0.0,53.268734,22.165686,0.0,0.0,0.0,0.0,0.0,0.0,5.65257,0.0,0.0,0.0,14.008104,0.0,1.0045711,12.26145,0.69957906,0.0,0.0,0.0,0.0,45.365986,13.213403,2.3789709,0.6723765,0.017116696,1.3458073,0.0,0.16010997,29.606567,1.8353028,16.332516,0.0,0.0,0.0,4.1193657,0.0,0.0,0.0,0.0,0.0,3.6488142,0.023893714,0.0,0.0,0.0,0.0,0.0,6.8495846,0.0,0.0,0.3772368,0.0,33.231365,1.7194026,0.0,0.06537327,0.0,0.0,0.0,0.0,7.6441135,0.1261527,0.3311183,0.51674473,0.69557166,0.3478601,0.52587795,0.0,0.0,0.0,14.591762,0.0,0.0,0.0,17.055077,0.0,0.0,0.08976942,0.0,0.0,0.18841678,0.0,0.12970108,0.0,0.0,0.15837121,0.0,0.0,0.0,0.0,0.0,0.3165747,1.5218222,0.0,0.0,0.18964267,0.0,0.0,0.0,0.0,0.0,0.0,0.0,0.0,0.84927917,0.0,17.418875,0.0,0.0,0.0,0.0,0.0,0.0,0.0,0.0,0.0,0.0,0.41217172,0.0,0.7794221,0.4081002,0.2554295,0.07299301,0.0,0.0,0.0,0.0,0.0,0.0,0.0,0.0,0.0,0.0,0.06729835,0.0,0.0,0.0
71,9.049419,7.653982,9.061542,15.1081505,10.097384,10.496237,11.679129,0.0,16.899094,0.0,0.0,0.0,0.0,9.895158,2.1876225,0.0,0.0,12.60215,0.0,0.0,0.0,7.994903,11.808622,0.0,0.0,0.0,0.0,0.0,9.05662,0.0,0.0,2.0935638,0.0,8.986669,0.0,0.0,0.0,0.0,0.1727714,10.736243,0.0,0.0,0.0,0.0,0.0,0.0,0.0,0.0,0.0,0.0,0.0,0.0,0.0,0.0,0.0,0.0,0.0,0.0,0.0,0.0,0.0,0.0,0.06866452,0.0,0.0,0.0,0.0,0.0,0.0,0.0,0.03143406,0.0,0.0,0.0,0.0,0.0,0.0,0.0,0.0,0.0,0.0,0.0,0.0,1.00669,0.0,0.0,0.0,0.0,0.0,0.0,0.0,0.0,0.0,0.0,0.0,0.0,0.0,0.0,0.0,0.0,0.0,0.0,0.0,0.0,0.0,0.0,0.0,0.0,0.0,0.0,0.0,0.0,0.0,0.0,0.0,0.0,0.0,0.0,0.0,0.0,0.0,0.0,0.0,0.0,0.0,0.0,0.0,0.0,0.0,1.7680237,0.0,0.0,0.0,0.0,0.0,0.0,0.0,0.0,0.0,0.0,0.0,0.0,0.0,0.0,0.0,0.0,0.0,0.0,0.0,0.0,0.0,0.0,0.0,0.0,0.0,0.0,0.0,0.0,0.0,0.0,0.0,0.0,0.0,0.0,0.0,0.0,0.0,0.0,0.0,0.0,0.0,0.0,0.0,0.0,0.0,0.0,0.0,0.0,0.0,0.0,0.0,0.0,0.0,0.0,0.0,0.0,0.0,0.0,0.0,0.0
72,0.0,0.57473326,0.0,19.990108,0.0,0.0,0.0,0.0,0.0,0.0,0.0,0.0,60.311066,48.232224,12.300242,0.0,0.0,0.0,0.0,0.0,0.0,0.0,33.797897,0.0,0.0,1.0543001,0.91456103,0.0,0.0,0.0,3.517011,0.0,21.295452,0.0,0.0,0.0,0.0,0.0,0.0,0.0,0.0,0.0,0.0,0.0,0.0,0.0,0.10135651,0.0,0.0,14.615006,23.17854,23.331882,0.0,0.0,0.0,0.0,12.29764,26.577496,10.684384,0.0,0.0,0.0,4.0613213,0.0,0.0,0.0,0.0,0.0,0.0,6.0382147,0.0,0.0,0.0,0.0,0.0,0.0,0.0,0.0,2.1558,0.0,0.0,0.0,0.17082989,0.0,18.200169,0.0,0.0,0.0,0.0,0.0,0.0,0.0,0.0,7.6334243,0.0,0.0,15.237116,0.0,33.361553,0.0,0.0,7.7124333,0.0,0.0,0.0,0.0,0.0,0.0,0.0,0.0,0.0,0.0,0.0,0.0,0.0,0.0,0.0,0.0,0.6196468,0.0,0.0,0.0,0.0,0.0,0.0,0.0,0.0,0.0,0.0,5.943427,0.0,0.0,0.0,0.91875255,0.0,0.0,0.0,0.0,0.0,0.0,0.0,0.0,0.0,0.0,0.0,0.15459824,0.0,0.0,0.0,0.0,0.0,0.0,0.0,0.0,0.0,0.0,0.0,0.7329447,0.0,0.0,0.0,0.0,0.0,0.13405183,0.0,0.0,0.021283329,0.0,0.0,3.8019052,0.0,0.0,0.0,0.0,0.0,9.971005,0.0,0.0,0.0,0.0,0.0,0.0,0.0,0.0,0.0,0.0,0.0,0.0,0.0,0.0
73,13.515939,12.779787,13.176495,13.780323,12.740327,14.75106,17.383743,24.054697,21.395332,0.0,0.0,0.0,0.0,15.963779,10.8562,0.0,14.506758,18.285803,12.265351,0.0,0.0,0.0,0.0,0.0,11.937495,0.0,0.0,0.0,0.0,14.1085,0.0,0.0,0.0,0.0,0.0,0.0,0.0,0.0,0.15678695,0.0,0.0,0.0,0.0,0.0,0.0,0.0,0.0,0.0,0.060401432,0.0,0.0,0.0,0.0,0.0,11.233971,0.0,0.0,0.0,0.0,0.0,0.12624335,0.0,0.0,0.09318337,0.0,0.0,0.0,0.0,0.0,0.0,0.0,0.31683975,0.0,0.0,0.0,0.0,0.0,0.0,0.0,0.0,0.0,0.0,0.0,0.0,0.0,0.0,0.0,0.0,0.0,0.0,0.0,0.0,0.31589657,0.0,0.0,0.0,0.0,0.0,0.0,0.0,0.0,0.0,0.0,0.0,0.0,0.0,0.0,0.0,0.0,0.0,0.0,0.0,0.0,0.0,0.0,0.0,0.0,0.0,0.0,0.0,0.0,0.0,0.0,0.0,0.0,0.0,0.0,0.0,0.0,1.0781531,0.0,0.0,0.0,0.0,0.0,0.0,0.0,0.0,0.0,0.0,0.0,0.0,0.0,0.0,0.0,0.0,0.0,0.0,0.0,0.0,0.0,0.0,0.0,0.0,0.0,0.0,0.0,0.0,0.0,0.0,0.0,0.0,0.0,0.0,0.0,0.0,0.0,0.0,0.0,0.0,0.0,0.0,0.0,0.0,0.0,0.0,0.0,0.0,0.0,0.0,0.0,0.0,0.0,0.0,0.0,0.0,0.0,0.0,0.0,0.0
74,0.0,3.0770035,0.0,18.224861,2.6599374,0.0,0.0,0.0,0.0,0.0,0.0,0.0,31.531343,30.462837,7.0732584,0.0,0.0,0.0,0.0,0.0,0.0,0.0,25.375908,0.0,0.0,0.0,0.35490638,0.0,0.0,0.0,0.6132772,0.0,11.531654,0.0,0.0,0.0,0.0,0.0,0.0,0.0,0.0,0.0,0.0,0.0,0.0,0.0,0.0,0.0,0.0,6.065185,11.934032,10.697586,0.0,0.0,0.0,0.0,6.7892838,12.205831,4.6479244,0.0,0.0,0.0,2.2839766,0.0,0.0,0.0,0.0,0.0,0.0,3.0995982,0.0,0.0,0.0,0.0,0.0,0.0,0.0,0.0,1.0350171,0.0,0.0,0.0,0.0,0.0,9.051205,0.0,0.0,0.0,0.0,0.0,0.0,0.0,0.0,4.012271,0.0,0.0,6.8116317,0.0,16.592821,0.0,0.0,1.4643834,0.0,0.0,0.0,0.0,0.0,0.0,0.0,0.0,0.0,0.0,0.0,0.0,0.0,0.0,0.0,0.0,0.0,0.0,0.0,0.0,0.0,0.0,0.0,0.0,0.0,0.0,0.0,4.1134768,0.0,0.0,0.0,0.0,0.0,0.0,0.0,0.0,0.0,0.0,0.0,0.0,0.0,0.0,0.0,0.0,0.0,0.0,0.0,0.0,0.0,0.0,0.0,0.0,0.0,0.0,0.0,0.0,0.0,0.0,0.0,0.0,0.0,0.0,0.0,0.0,0.0,0.0,0.0,1.691862,0.0,0.0,0.0,0.0,0.0,2.9153569,0.0,0.0,0.0,0.0,0.0,0.0,0.0,0.0,0.0,0.0,0.0,0.0,0.0,0.0
75,8.197772,7.247593,8.401606,13.888325,9.4824705,9.8183775,10.853024,0.69563675,15.33664,0.0,0.0,0.0,0.0,9.411509,2.5825357,0.0,0.24480009,11.359584,0.69834566,0.0,0.0,6.744294,9.776426,0.0,0.0,0.0,0.0,0.0,7.8010507,0.0,0.0,1.8130908,0.0,7.2088428,0.0,0.0,0.0,0.0,0.14772591,9.728846,0.0,0.0,0.0,0.0,0.0,0.0,0.0,0.0,0.0,0.0,0.0,0.0,0.0,0.0,0.0,0.0,0.0,0.0,0.0,0.0,0.0,0.0,0.015978038,0.0,0.0,0.0,0.0,0.0,0.0,0.0,0.011234686,0.0,0.0,0.0,0.0,0.0,0.0,0.0,0.0,0.0,0.0,0.0,0.0,0.87945855,0.0,0.0,0.0,0.0,0.0,0.0,0.0,0.0,0.0,0.0,0.0,0.0,0.0,0.0,0.0,0.0,0.0,0.0,0.0,0.0,0.0,0.0,0.0,0.0,0.0,0.0,0.0,0.0,0.0,0.0,0.0,0.0,0.0,0.0,0.0,0.0,0.0,0.0,0.0,0.0,0.0,0.0,0.0,0.0,0.0,1.6861488,0.0,0.0,0.0,0.0,0.0,0.0,0.0,0.0,0.0,0.0,0.0,0.0,0.0,0.0,0.0,0.0,0.0,0.0,0.0,0.0,0.0,0.0,0.0,0.0,0.0,0.0,0.0,0.0,0.0,0.0,0.0,0.0,0.0,0.0,0.0,0.0,0.0,0.0,0.0,0.0,0.0,0.0,0.0,0.0,0.0,0.0,0.0,0.0,0.0,0.0,0.0,0.0,0.0,0.0,0.0,0.0,0.0,0.0,0.0,0.0
76,0.0,0.0,0.0,17.617817,0.0,0.0,0.0,0.0,0.0,0.0,0.0,0.0,94.7577,69.65041,20.14452,0.0,0.0,0.0,0.0,0.0,0.37027192,0.0,40.817036,0.0,0.0,5.6749077,1.4872514,0.34499276,0.0,0.0,7.3624625,0.0,30.88509,0.0,0.0,0.0,0.0,0.0,0.0,0.0,0.0,0.0,0.0,1.1974874,0.0,0.0,1.9836779,0.0,0.0,25.19888,34.858322,36.956272,0.0,0.0,0.0,0.0,17.857136,42.293056,18.44889,0.0,0.0,0.0,6.6585207,0.0,0.0,0.0,0.0,5.3283343,3.551691,10.123183,0.0,0.0,0.0,0.0,0.0,0.0,0.0,0.0,3.6043365,0.0,0.0,0.0,2.7554576,0.0,26.650146,0.0,0.0,0.0,0.0,0.04483597,0.0,0.22275293,0.0,11.103386,0.0,0.0,24.621286,0.0,51.207764,0.0,0.0,17.120203,0.0,1.3240855,0.0,0.0,0.0,0.0,0.0,0.0,0.0,0.0,0.0,0.0,0.0,0.0,0.0,0.0,1.4307692,0.0,0.24202216,0.0,0.0,0.0,0.18701857,0.0,0.0,0.0,0.0,7.4936028,0.29848713,0.0,0.0,3.2455611,0.0,0.0,0.0,0.0,0.0,0.0,0.0,0.0,0.0,0.0,0.0,0.7360554,0.0,0.0,0.0,0.0,0.6028478,0.0,0.0,0.0,0.0,0.0,0.0,2.1190171,0.0,0.21193668,0.0,0.0,0.0,0.5027451,0.0,0.084328234,0.31352842,0.0,0.0,5.9823647,0.0,0.0,0.6802946,0.0,0.0,18.996845,0.0,0.0,0.0,0.0,0.0,0.0,0.0,0.0,0.0,0.0,0.0,0.0,0.0,0.0
77,15.503493,14.173515,15.012125,14.923141,13.977847,16.697746,19.536098,27.400644,23.82324,0.0,0.0,0.0,0.0,17.352331,11.920223,0.0,16.749426,20.80785,13.696091,0.0,0.0,0.0,0.0,0.0,14.254706,0.0,0.0,0.0,0.0,16.05561,0.0,0.0,0.0,0.0,0.0,0.0,0.0,0.0,0.07988796,0.0,0.0,0.0,0.0,0.0,0.0,0.0,0.0,0.0,0.089198664,0.0,0.0,0.0,0.0,0.0,13.24097,0.0,0.0,0.0,0.0,0.0,0.23921359,0.0,0.0,0.021770507,0.0,0.0,0.0,0.0,0.0,0.0,0.0,0.4551416,0.0,0.0,0.0,0.0,0.0,0.0,0.0,0.0,0.0,0.0,0.0,0.0,0.0,0.0,0.0,0.0,0.0,0.0,0.0,0.0,0.38415852,0.0,0.0,0.0,0.0,0.0,0.0,0.0,0.0,0.0,0.0,0.0,0.0,0.0,0.0,0.0,0.0,0.0,0.0,0.0,0.0,0.0,0.0,0.0,0.0,0.0,0.0,0.0,0.0,0.0,0.0,0.0,0.0,0.0,0.0,0.0,0.0,1.0481849,0.0,0.0,0.0,0.0,0.0,0.0,0.0,0.0,0.0,0.0,0.0,0.0,0.0,0.0027673244,0.0,0.0,0.0,0.0,0.0,0.0,0.0,0.0,0.0,0.0,0.0,0.0,0.0,0.0,0.0,0.0,0.0,0.0,0.0,0.0,0.0,0.0,0.0,0.0,0.0,0.0,0.0,0.0,0.0,0.0,0.0,0.0,0.0,0.0,0.0,0.0,0.0,0.0,0.0,0.0,0.0,0.0,0.0,0.0,0.0,0.0
78,7.377358,7.116435,7.827393,12.762934,9.135854,8.90481,10.2832985,2.4969463,14.000976,0.0,0.0,0.0,0.0,9.478104,3.5497682,0.0,1.0381813,10.482547,1.8215175,0.0,0.0,5.0545106,7.261978,0.0,0.0,0.0,0.0,0.0,6.0556827,0.0,0.0,1.5078349,0.0,5.2408304,0.0,0.0,0.0,0.0,0.18314673,7.685437,0.0,0.0,0.0,0.0,0.0,0.0,0.0,0.0,0.0,0.0,0.0,0.0,0.0,0.0,0.0,0.0,0.0,0.0,0.0,0.0,0.0,0.0,0.0,0.0,0.0,0.0,0.0,0.0,0.0,0.0,0.0,0.0,0.0,0.0,0.0,0.0,0.0,0.0,0.0,0.0,0.0,0.0,0.0,0.64719635,0.0,0.0,0.0,0.0,0.0,0.0,0.0,0.0,0.0,0.0,0.0,0.0,0.0,0.0,0.0,0.0,0.0,0.0,0.0,0.0,0.0,0.0,0.0,0.0,0.0,0.0,0.0,0.0,0.0,0.0,0.0,0.0,0.0,0.0,0.0,0.0,0.0,0.0,0.0,0.0,0.0,0.0,0.0,0.0,0.0,1.5657771,0.0,0.0,0.0,0.0,0.0,0.0,0.0,0.0,0.0,0.0,0.0,0.0,0.0,0.0,0.0,0.0,0.0,0.0,0.0,0.0,0.0,0.0,0.0,0.0,0.0,0.0,0.0,0.0,0.0,0.0,0.0,0.0,0.0,0.0,0.0,0.0,0.0,0.0,0.0,0.0,0.0,0.0,0.0,0.0,0.0,0.0,0.0,0.0,0.0,0.0,0.0,0.0,0.0,0.0,0.0,0.0,0.0,0.0,0.0,0.0
79,11.869012,11.624917,11.655456,12.833362,11.714893,13.137996,15.600262,21.28218,19.383522,0.0,0.0,0.0,0.0,14.813199,9.974531,0.0,12.6484375,16.195988,11.079813,0.047142908,0.0,0.0,0.0,0.0,10.01741,0.0,0.0,0.0,0.0,12.495086,0.0,0.0,0.0,0.0,0.0,0.0,0.0,0.0,0.22050694,0.0,0.0,0.0,0.0,0.0,0.0,0.0,0.0,0.0,0.036539495,0.0,0.0,0.0,0.0,0.0,9.570932,0.0,0.0,0.0,0.0,0.0,0.03263402,0.0,0.0,0.15235746,0.0,0.0,0.0,0.0,0.0,0.0,0.0,0.20224017,0.0,0.0,0.0,0.0,0.0,0.0,0.0,0.0,0.0,0.0,0.0,0.0,0.0,0.0,0.0,0.0,0.0,0.0,0.0,0.0,0.25933346,0.0,0.0,0.0,0.0,0.0,0.0,0.0,0.0,0.0,0.0,0.0,0.0,0.0,0.0,0.0,0.0,0.0,0.0,0.0,0.0,0.0,0.0,0.0,0.0,0.0,0.0,0.0,0.0,0.0,0.0,0.0,0.0,0.0,0.0,0.0,0.0,1.1029854,0.0,0.0,0.0,0.0,0.0,0.0,0.0,0.0,0.0,0.0,0.0,0.0,0.0,0.0,0.0,0.0,0.0,0.0,0.0,0.0,0.0,0.0,0.0,0.0,0.0,0.0,0.0,0.0,0.0,0.0,0.0,0.0,0.0,0.0,0.0,0.0,0.0,0.0,0.0,0.0,0.0,0.0,0.0,0.0,0.0,0.0,0.0,0.0,0.0,0.0,0.0,0.0,0.0,0.0,0.0,0.0,0.0,0.0,0.0,0.0
80,10.001272,8.444641,9.861194,15.64375,10.343098,11.503061,12.952485,1.9022675,18.314312,0.0,0.0,0.0,0.0,10.418532,2.2913494,0.0,1.3647947,13.750609,0.9056263,0.011106178,0.0,8.124872,12.497147,0.0,0.0,0.0,0.0,0.0,9.115332,0.0,0.0,2.1127608,0.0,9.053243,0.0,0.0,0.0,0.0,0.3330438,12.475126,0.0,0.0,0.0,0.0,0.0,0.0,0.0,0.0,0.0,0.0,0.0,0.0,0.0,0.0,0.0,0.0,0.0,0.0,0.0,0.0,0.0,0.0,0.025297403,0.0,0.0,0.0,0.0,0.0,0.0,0.0,0.016738892,0.0,0.0,0.0,0.0,0.0,0.0,0.0,0.0,0.0,0.0,0.0,0.0,1.1503415,0.0,0.0,0.0,0.0,0.0,0.0,0.0,0.0,0.0,0.0,0.0,0.0,0.0,0.0,0.0,0.0,0.0,0.0,0.0,0.0,0.0,0.0,0.0,0.0,0.0,0.0,0.0,0.0,0.0,0.0,0.0,0.0,0.0,0.0,0.0,0.0,0.0,0.0,0.0,0.0,0.0,0.0,0.0,0.0,0.0,1.7486799,0.0,0.0,0.0,0.0,0.0,0.0,0.0,0.0,0.0,0.0,0.0,0.0,0.0,0.0,0.0,0.0,0.0,0.0,0.0,0.0,0.0,0.0,0.0,0.0,0.0,0.0,0.0,0.0,0.0,0.0,0.0,0.0,0.0,0.0,0.0,0.0,0.0,0.0,0.0,0.0,0.0,0.0,0.0,0.0,0.0,0.0,0.0,0.0,0.0,0.0,0.0,0.0,0.0,0.0,0.0,0.0,0.0,0.0,0.0,0.0
81,14.453199,13.437019,14.042112,14.319235,13.323898,15.669048,18.39872,25.632526,22.540249,0.0,0.0,0.0,0.0,16.618572,11.357956,0.0,15.56432,19.47511,12.940037,0.0,0.0,0.0,0.0,0.0,13.03021,0.0,0.0,0.0,0.0,15.026688,0.0,0.0,0.0,0.0,0.0,0.0,0.0,0.0,0.12052411,0.0,0.0,0.0,0.0,0.0,0.0,0.0,0.0,0.0,0.07398119,0.0,0.0,0.0,0.0,0.0,12.1804,0.0,0.0,0.0,0.0,0.0,0.1795161,0.0,0.0,0.05950761,0.0,0.0,0.0,0.0,0.0,0.0,0.0,0.38205802,0.0,0.0,0.0,0.0,0.0,0.0,0.0,0.0,0.0,0.0,0.0,0.0,0.0,0.0,0.0,0.0,0.0,0.0,0.0,0.0,0.3480865,0.0,0.0,0.0,0.0,0.0,0.0,0.0,0.0,0.0,0.0,0.0,0.0,0.0,0.0,0.0,0.0,0.0,0.0,0.0,0.0,0.0,0.0,0.0,0.0,0.0,0.0,0.0,0.0,0.0,0.0,0.0,0.0,0.0,0.0,0.0,0.0,1.0640211,0.0,0.0,0.0,0.0,0.0,0.0,0.0,0.0,0.0,0.0,0.0,0.0,0.0,0.0,0.0,0.0,0.0,0.0,0.0,0.0,0.0,0.0,0.0,0.0,0.0,0.0,0.0,0.0,0.0,0.0,0.0,0.0,0.0,0.0,0.0,0.0,0.0,0.0,0.0,0.0,0.0,0.0,0.0,0.0,0.0,0.0,0.0,0.0,0.0,0.0,0.0,0.0,0.0,0.0,0.0,0.0,0.0,0.0,0.0,0.0
82,14.454578,13.437986,14.043386,14.320028,13.324757,15.6704,18.400211,25.63485,22.541931,0.0,0.0,0.0,0.0,16.619534,11.358694,0.0,15.565876,19.47686,12.9410305,0.0,0.0,0.0,0.0,0.0,13.031818,0.0,0.0,0.0,0.0,15.028038,0.0,0.0,0.0,0.0,0.0,0.0,0.0,0.0,0.12047076,0.0,0.0,0.0,0.0,0.0,0.0,0.0,0.0,0.0,0.07400116,0.0,0.0,0.0,0.0,0.0,12.181793,0.0,0.0,0.0,0.0,0.0,0.17959449,0.0,0.0,0.059458047,0.0,0.0,0.0,0.0,0.0,0.0,0.0,0.382154,0.0,0.0,0.0,0.0,0.0,0.0,0.0,0.0,0.0,0.0,0.0,0.0,0.0,0.0,0.0,0.0,0.0,0.0,0.0,0.0,0.3481339,0.0,0.0,0.0,0.0,0.0,0.0,0.0,0.0,0.0,0.0,0.0,0.0,0.0,0.0,0.0,0.0,0.0,0.0,0.0,0.0,0.0,0.0,0.0,0.0,0.0,0.0,0.0,0.0,0.0,0.0,0.0,0.0,0.0,0.0,0.0,0.0,1.0640004,0.0,0.0,0.0,0.0,0.0,0.0,0.0,0.0,0.0,0.0,0.0,0.0,0.0,0.0,0.0,0.0,0.0,0.0,0.0,0.0,0.0,0.0,0.0,0.0,0.0,0.0,0.0,0.0,0.0,0.0,0.0,0.0,0.0,0.0,0.0,0.0,0.0,0.0,0.0,0.0,0.0,0.0,0.0,0.0,0.0,0.0,0.0,0.0,0.0,0.0,0.0,0.0,0.0,0.0,0.0,0.0,0.0,0.0,0.0,0.0
83,11.563645,9.090947,9.454554,14.414738,16.045925,10.621195,6.5013,22.477291,19.22929,4.89659,2.2808483,8.076115,5.636056,2.0231876,9.102587,7.3540363,8.198869,5.24455,3.8429751,2.7424479,4.808571,4.646698,2.650765,0.21193318,6.6767225,7.342745,0.0,0.0,0.0,2.9429207,1.8984947,1.0087403,0.0,0.0,5.6126747,0.0,0.0,0.0,0.0,0.0,0.0,2.2940757,0.0,0.0,0.0,0.0,0.0,1.994007,0.0,0.0,0.0,0.0,4.31441,0.94441783,1.1134727,0.0,0.0,0.0,0.0,0.0,0.3171184,0.0,0.0,0.186758,1.2598858,0.0,0.0,0.0,0.0,0.0,0.0,0.0,0.0,4.0608644,0.5292816,0.0,0.0,0.0,0.0,0.0,0.0,1.5592864,0.0,1.568418,0.0,0.0,0.0,0.11358869,0.0,0.0,0.0,0.0,0.0,0.0,0.0,0.0,0.0,0.0,0.0,0.0,0.21638268,0.0,0.0,0.0,0.0,2.8110943,0.0,0.0,0.0,0.0,0.0,0.0,0.0,0.42048728,0.0,0.0,0.0,0.0,0.0,0.0,0.0,0.0,0.0,1.2570668,0.0,0.0,0.0,1.4972781,0.0,0.5473365,0.0,0.0,0.0,0.0,0.0,0.0,0.0,0.0,0.0,0.0,0.0,0.0,0.0,0.0,0.0,0.0,0.0,0.0,0.0,0.0,0.0,0.0,0.0,0.0,0.0,0.0,0.0,0.0,0.0,1.3766232,0.0,0.0,0.0,0.0,0.0,0.0,0.0,0.0,0.0,0.0,0.0,0.0,0.0,0.0,0.0,0.0,0.0,0.0,0.0,0.0,0.0,0.0,0.0,0.0,0.0,0.0,0.0,0.0,0.0,0.0
84,0.0,0.5341182,0.0,18.562138,0.0,0.0,0.0,0.0,0.0,0.0,0.0,0.0,58.777054,45.91268,13.199089,0.0,0.0,0.0,0.0,0.0,0.0,0.0,30.448753,0.0,0.0,0.77721334,0.84714663,0.0,0.0,0.0,3.4718182,0.0,20.01088,0.0,0.0,0.0,0.0,0.0,0.0,0.0,0.0,0.0,0.0,0.0,0.0,0.0,0.0,0.0,0.0,14.164029,22.036505,22.193432,0.0,0.0,0.0,0.0,11.465296,25.269045,10.482988,0.0,0.0,0.0,3.863388,0.0,0.0,0.0,0.0,0.0,0.0,5.840227,0.0,0.0,0.0,0.0,0.0,0.0,0.0,0.0,2.0140219,0.0,0.0,0.0,0.28616643,0.0,16.922049,0.0,0.0,0.0,0.0,0.0,0.0,0.0,0.0,7.1633534,0.0,0.0,14.601664,0.0,31.58974,0.0,0.0,7.9976535,0.0,0.0,0.0,0.0,0.0,0.0,0.0,0.0,0.0,0.0,0.0,0.0,0.0,0.0,0.0,0.0,0.49403775,0.0,0.0,0.0,0.0,0.0,0.0,0.0,0.0,0.0,0.0,5.7316303,0.0,0.0,0.0,1.0905228,0.0,0.0,0.0,0.0,0.0,0.0,0.0,0.0,0.0,0.0,0.0,0.0,0.0,0.0,0.0,0.0,0.0,0.0,0.0,0.0,0.0,0.0,0.0,0.6895834,0.0,0.0,0.0,0.0,0.0,0.190952,0.0,0.0,0.0,0.0,0.0,3.5865712,0.0,0.0,0.0,0.0,0.0,9.6773,0.0,0.0,0.0,0.0,0.0,0.0,0.0,0.0,0.0,0.0,0.0,0.0,0.0,0.0
85,12.816586,12.289381,12.530598,13.378203,12.304886,14.066086,16.626404,22.877369,20.541035,0.0,0.0,0.0,0.0,15.475195,10.481807,0.0,13.717638,17.39838,11.761922,0.019757867,0.0,0.0,0.0,0.0,11.122147,0.0,0.0,0.0,0.0,13.423376,0.0,0.0,0.0,0.0,0.0,0.0,0.0,0.0,0.1838451,0.0,0.0,0.0,0.0,0.0,0.0,0.0,0.0,0.0,0.050268665,0.0,0.0,0.0,0.0,0.0,10.527775,0.0,0.0,0.0,0.0,0.0,0.086492896,0.0,0.0,0.11831115,0.0,0.0,0.0,0.0,0.0,0.0,0.0,0.268176,0.0,0.0,0.0,0.0,0.0,0.0,0.0,0.0,0.0,0.0,0.0,0.0,0.0,0.0,0.0,0.0,0.0,0.0,0.0,0.0,0.2918775,0.0,0.0,0.0,0.0,0.0,0.0,0.0,0.0,0.0,0.0,0.0,0.0,0.0,0.0,0.0,0.0,0.0,0.0,0.0,0.0,0.0,0.0,0.0,0.0,0.0,0.0,0.0,0.0,0.0,0.0,0.0,0.0,0.0,0.0,0.0,0.0,1.0886979,0.0,0.0,0.0,0.0,0.0,0.0,0.0,0.0,0.0,0.0,0.0,0.0,0.0,0.0,0.0,0.0,0.0,0.0,0.0,0.0,0.0,0.0,0.0,0.0,0.0,0.0,0.0,0.0,0.0,0.0,0.0,0.0,0.0,0.0,0.0,0.0,0.0,0.0,0.0,0.0,0.0,0.0,0.0,0.0,0.0,0.0,0.0,0.0,0.0,0.0,0.0,0.0,0.0,0.0,0.0,0.0,0.0,0.0,0.0,0.0
86,15.217093,13.972683,14.747616,14.758464,13.799524,16.417236,19.225952,26.918503,23.473387,0.0,0.0,0.0,0.0,17.152245,11.766901,0.0,16.426264,20.444431,13.489925,0.0,0.0,0.0,0.0,0.0,13.920804,0.0,0.0,0.0,0.0,15.775037,0.0,0.0,0.0,0.0,0.0,0.0,0.0,0.0,0.09096885,0.0,0.0,0.0,0.0,0.0,0.0,0.0,0.0,0.0,0.08504908,0.0,0.0,0.0,0.0,0.0,12.951767,0.0,0.0,0.0,0.0,0.0,0.22293496,0.0,0.0,0.03206089,0.0,0.0,0.0,0.0,0.0,0.0,0.0,0.4352128,0.0,0.0,0.0,0.0,0.0,0.0,0.0,0.0,0.0,0.0,0.0,0.0,0.0,0.0,0.0,0.0,0.0,0.0,0.0,0.0,0.3743222,0.0,0.0,0.0,0.0,0.0,0.0,0.0,0.0,0.0,0.0,0.0,0.0,0.0,0.0,0.0,0.0,0.0,0.0,0.0,0.0,0.0,0.0,0.0,0.0,0.0,0.0,0.0,0.0,0.0,0.0,0.0,0.0,0.0,0.0,0.0,0.0,1.0525032,0.0,0.0,0.0,0.0,0.0,0.0,0.0,0.0,0.0,0.0,0.0,0.0,0.0,0.0,0.0,0.0,0.0,0.0,0.0,0.0,0.0,0.0,0.0,0.0,0.0,0.0,0.0,0.0,0.0,0.0,0.0,0.0,0.0,0.0,0.0,0.0,0.0,0.0,0.0,0.0,0.0,0.0,0.0,0.0,0.0,0.0,0.0,0.0,0.0,0.0,0.0,0.0,0.0,0.0,0.0,0.0,0.0,0.0,0.0,0.0
87,11.83577,8.203769,10.298275,18.184126,10.917143,13.156991,14.403796,0.0,21.651077,0.0,0.0,0.0,0.0,10.316318,0.0,0.0,0.0,15.886257,0.0,0.0,0.0,13.188271,19.855612,0.0,0.0,0.0,0.0,0.0,14.095201,0.0,0.0,2.8564742,0.43862295,15.374526,0.0,0.0,0.0,0.0,0.16083765,15.711936,0.0,0.0,0.0,0.0,0.0,0.0,0.0,0.0,0.0,0.0,0.0,0.0,0.0,0.0,0.0,0.0,0.7774725,0.0,0.0,0.0,0.0,0.0,0.37266546,0.0,0.0,0.0,0.0,0.0,0.0,0.0,0.11847195,0.0,0.0,0.0,0.0,0.0,0.0,0.0,0.0,0.0,0.0,0.9273567,0.0,1.767741,0.0,0.0,0.0,0.0,0.0,0.0,0.0,0.0,0.0,0.0,0.0,0.0,0.0,0.0,0.0,0.0,0.0,0.0,0.0,0.0,0.0,0.0,0.0,0.0,0.0,0.0,0.0,0.0,0.0,0.0,0.0,0.0,0.0,0.0,0.0,0.0,0.0,0.0,0.0,0.0,0.0,0.0,0.0,0.0,0.0,2.0790312,0.0,0.0,0.0,0.0,0.0,0.0,0.0,0.0,0.0,0.0,0.0,0.0,0.15709323,0.0,0.0,0.0,0.0,0.0,0.0,0.0,0.0,0.0,0.0,0.0,0.0,0.0,0.0,0.0,0.0,0.0,0.0,0.0,0.0,0.0,0.0,0.0,0.0,0.0,0.0,0.0,0.0,0.0,0.0,0.0,0.0,0.0,0.0,0.0,0.0,0.0,0.0,0.0,0.0,0.0,0.0,0.0,0.0,0.0,0.0,0.0
88,12.308668,11.933216,12.061506,13.086159,11.98864,13.568613,16.076372,22.02232,19.920588,0.0,0.0,0.0,0.0,15.120354,10.209898,0.0,13.144527,16.753876,11.396299,0.034436747,0.0,0.0,0.0,0.0,10.529987,0.0,0.0,0.0,0.0,12.9257965,0.0,0.0,0.0,0.0,0.0,0.0,0.0,0.0,0.20349652,0.0,0.0,0.0,0.0,0.0,0.0,0.0,0.0,0.0,0.042909585,0.0,0.0,0.0,0.0,0.0,10.014891,0.0,0.0,0.0,0.0,0.0,0.057623565,0.0,0.0,0.13656059,0.0,0.0,0.0,0.0,0.0,0.0,0.0,0.23283324,0.0,0.0,0.0,0.0,0.0,0.0,0.0,0.0,0.0,0.0,0.0,0.0,0.0,0.0,0.0,0.0,0.0,0.0,0.0,0.0,0.2744333,0.0,0.0,0.0,0.0,0.0,0.0,0.0,0.0,0.0,0.0,0.0,0.0,0.0,0.0,0.0,0.0,0.0,0.0,0.0,0.0,0.0,0.0,0.0,0.0,0.0,0.0,0.0,0.0,0.0,0.0,0.0,0.0,0.0,0.0,0.0,0.0,1.0963563,0.0,0.0,0.0,0.0,0.0,0.0,0.0,0.0,0.0,0.0,0.0,0.0,0.0,0.0,0.0,0.0,0.0,0.0,0.0,0.0,0.0,0.0,0.0,0.0,0.0,0.0,0.0,0.0,0.0,0.0,0.0,0.0,0.0,0.0,0.0,0.0,0.0,0.0,0.0,0.0,0.0,0.0,0.0,0.0,0.0,0.0,0.0,0.0,0.0,0.0,0.0,0.0,0.0,0.0,0.0,0.0,0.0,0.0,0.0,0.0
89,8.372984,9.026745,8.757349,11.1528845,9.711351,9.794851,11.915376,13.80674,14.938651,0.067856014,0.0,0.0,0.0,12.058464,7.573251,0.0,7.8110495,11.861254,7.684848,0.09347855,0.0,0.0,0.0,0.0,4.77766,0.0,0.0,0.0,0.59753126,7.906153,0.0,0.17804234,0.0,0.0,0.0,0.0,0.0,0.0,0.31135738,1.0174148,0.0,0.0,0.0,0.0,0.0,0.0,0.0,0.0,0.0,0.0,0.0,0.0,0.0,0.0,4.8846045,0.0,0.0,0.0,0.0,0.0,0.0,0.0,0.0,0.25035033,0.0,0.0,0.0,0.0,0.0,0.0,0.0,0.0,0.0,0.0,0.0,0.0,0.0,0.0,0.0,0.0,0.0,0.0,0.0,0.011347376,0.0,0.0,0.0,0.0,0.0,0.0,0.0,0.0,0.12011972,0.0,0.0,0.0,0.0,0.0,0.0,0.0,0.0,0.0,0.0,0.0,0.0,0.0,0.0,0.0,0.0,0.0,0.0,0.0,0.0,0.0,0.0,0.0,0.0,0.0,0.0,0.0,0.0,0.0,0.0,0.0,0.0,0.0,0.0,0.0,0.0,1.1901346,0.0,0.0,0.0,0.0,0.0,0.0,0.0,0.0,0.0,0.0,0.0,0.0,0.0,0.0,0.0,0.0,0.0,0.0,0.0,0.0,0.0,0.0,0.0,0.0,0.0,0.0,0.0,0.0,0.0,0.0,0.0,0.0,0.0,0.0,0.0,0.0,0.0,0.0,0.0,0.0,0.0,0.0,0.0,0.0,0.0,0.0,0.0,0.0,0.0,0.0,0.0,0.0,0.0,0.0,0.0,0.0,0.0,0.0,0.0,0.0
90,14.944912,13.781822,14.496241,14.601963,13.630054,16.150652,18.931202,26.4603,23.140903,0.0,0.0,0.0,0.0,16.962093,11.621191,0.0,16.119146,20.099056,13.293997,0.0,0.0,0.0,0.0,0.0,13.603478,0.0,0.0,0.0,0.0,15.508395,0.0,0.0,0.0,0.0,0.0,0.0,0.0,0.0,0.10149962,0.0,0.0,0.0,0.0,0.0,0.0,0.0,0.0,0.0,0.0811055,0.0,0.0,0.0,0.0,0.0,12.676923,0.0,0.0,0.0,0.0,0.0,0.20746446,0.0,0.0,0.041840345,0.0,0.0,0.0,0.0,0.0,0.0,0.0,0.4162733,0.0,0.0,0.0,0.0,0.0,0.0,0.0,0.0,0.0,0.0,0.0,0.0,0.0,0.0,0.0,0.0,0.0,0.0,0.0,0.0,0.36497423,0.0,0.0,0.0,0.0,0.0,0.0,0.0,0.0,0.0,0.0,0.0,0.0,0.0,0.0,0.0,0.0,0.0,0.0,0.0,0.0,0.0,0.0,0.0,0.0,0.0,0.0,0.0,0.0,0.0,0.0,0.0,0.0,0.0,0.0,0.0,0.0,1.0566071,0.0,0.0,0.0,0.0,0.0,0.0,0.0,0.0,0.0,0.0,0.0,0.0,0.0,0.0,0.0,0.0,0.0,0.0,0.0,0.0,0.0,0.0,0.0,0.0,0.0,0.0,0.0,0.0,0.0,0.0,0.0,0.0,0.0,0.0,0.0,0.0,0.0,0.0,0.0,0.0,0.0,0.0,0.0,0.0,0.0,0.0,0.0,0.0,0.0,0.0,0.0,0.0,0.0,0.0,0.0,0.0,0.0,0.0,0.0,0.0
91,13.9413395,13.07809,13.569379,14.024923,13.005197,15.167714,17.844418,24.770838,21.914984,0.0,0.0,0.0,0.0,16.260975,11.083937,0.0,14.986761,18.825603,12.571575,0.0,0.0,0.0,0.0,0.0,12.433454,0.0,0.0,0.0,0.0,14.525244,0.0,0.0,0.0,0.0,0.0,0.0,0.0,0.0,0.14032805,0.0,0.0,0.0,0.0,0.0,0.0,0.0,0.0,0.0,0.06656498,0.0,0.0,0.0,0.0,0.0,11.663533,0.0,0.0,0.0,0.0,0.0,0.15042263,0.0,0.0,0.07789871,0.0,0.0,0.0,0.0,0.0,0.0,0.0,0.34644085,0.0,0.0,0.0,0.0,0.0,0.0,0.0,0.0,0.0,0.0,0.0,0.0,0.0,0.0,0.0,0.0,0.0,0.0,0.0,0.0,0.33050686,0.0,0.0,0.0,0.0,0.0,0.0,0.0,0.0,0.0,0.0,0.0,0.0,0.0,0.0,0.0,0.0,0.0,0.0,0.0,0.0,0.0,0.0,0.0,0.0,0.0,0.0,0.0,0.0,0.0,0.0,0.0,0.0,0.0,0.0,0.0,0.0,1.071739,0.0,0.0,0.0,0.0,0.0,0.0,0.0,0.0,0.0,0.0,0.0,0.0,0.0,0.0,0.0,0.0,0.0,0.0,0.0,0.0,0.0,0.0,0.0,0.0,0.0,0.0,0.0,0.0,0.0,0.0,0.0,0.0,0.0,0.0,0.0,0.0,0.0,0.0,0.0,0.0,0.0,0.0,0.0,0.0,0.0,0.0,0.0,0.0,0.0,0.0,0.0,0.0,0.0,0.0,0.0,0.0,0.0,0.0,0.0,0.0
92,9.187254,8.687187,9.724323,12.968659,10.163533,10.791602,12.447948,8.646804,15.601513,0.0,0.0,0.0,0.0,10.973095,5.6739855,0.0,5.1109695,12.725918,4.993172,0.0,0.0,1.9768368,2.8195624,0.0,1.6944678,0.0,0.002951175,0.0,3.9255152,3.4602787,0.0,0.62617916,0.0,2.6806765,0.0,0.0,0.0,0.0,0.07842067,4.660618,0.0,0.0,0.0,0.0,0.0,0.0,0.0,0.0,0.0,0.0,0.0,0.0,0.0,0.0,1.7684402,0.0,0.0,0.0,0.0,0.0,0.0,0.0,0.0,0.119546086,0.0,0.0,0.0,0.0,0.0,0.0,0.0,0.0,0.0,0.0,0.0,0.0,0.0,0.0,0.0,0.0,0.0,0.0,0.0,0.2888474,0.0,0.0,0.0,0.0,0.0,0.0,0.0,0.0,0.0,0.0,0.0,0.0,0.0,0.0,0.0,0.0,0.0,0.0,0.0,0.0,0.0,0.0,0.0,0.0,0.0,0.0,0.0,0.0,0.0,0.0,0.0,0.0,0.0,0.0,0.0,0.0,0.0,0.0,0.0,0.0,0.0,0.0,0.0,0.0,0.0,1.421235,0.0,0.0,0.0,0.0,0.0,0.0,0.0,0.0,0.0,0.0,0.0,0.0,0.0,0.0,0.0,0.0,0.0,0.0,0.0,0.0,0.0,0.0,0.0,0.0,0.0,0.0,0.0,0.0,0.0,0.0,0.0,0.0,0.0,0.0,0.0,0.0,0.0,0.0,0.0,0.0,0.0,0.0,0.0,0.0,0.0,0.0,0.0,0.0,0.0,0.0,0.0,0.0,0.0,0.0,0.0,0.0,0.0,0.0,0.0,0.0
93,13.821423,12.994,13.458628,13.955971,12.930532,15.050262,17.714558,24.568962,21.768497,0.0,0.0,0.0,0.0,16.177197,11.019739,0.0,14.851452,18.673437,12.485253,0.0,0.0,0.0,0.0,0.0,12.293647,0.0,0.0,0.0,0.0,14.407766,0.0,0.0,0.0,0.0,0.0,0.0,0.0,0.0,0.1449677,0.0,0.0,0.0,0.0,0.0,0.0,0.0,0.0,0.0,0.064827524,0.0,0.0,0.0,0.0,0.0,11.542442,0.0,0.0,0.0,0.0,0.0,0.1436067,0.0,0.0,0.08220732,0.0,0.0,0.0,0.0,0.0,0.0,0.0,0.33809656,0.0,0.0,0.0,0.0,0.0,0.0,0.0,0.0,0.0,0.0,0.0,0.0,0.0,0.0,0.0,0.0,0.0,0.0,0.0,0.0,0.32638833,0.0,0.0,0.0,0.0,0.0,0.0,0.0,0.0,0.0,0.0,0.0,0.0,0.0,0.0,0.0,0.0,0.0,0.0,0.0,0.0,0.0,0.0,0.0,0.0,0.0,0.0,0.0,0.0,0.0,0.0,0.0,0.0,0.0,0.0,0.0,0.0,1.073547,0.0,0.0,0.0,0.0,0.0,0.0,0.0,0.0,0.0,0.0,0.0,0.0,0.0,0.0,0.0,0.0,0.0,0.0,0.0,0.0,0.0,0.0,0.0,0.0,0.0,0.0,0.0,0.0,0.0,0.0,0.0,0.0,0.0,0.0,0.0,0.0,0.0,0.0,0.0,0.0,0.0,0.0,0.0,0.0,0.0,0.0,0.0,0.0,0.0,0.0,0.0,0.0,0.0,0.0,0.0,0.0,0.0,0.0,0.0,0.0
94,11.048651,11.049658,10.897802,12.361665,11.204109,12.334503,14.71188,19.901144,18.381407,0.06030208,0.0,0.0,0.0,14.240076,9.535357,0.0,11.72278,15.155016,10.489277,0.07085149,0.0,0.0,0.0,0.0,9.060984,0.0,0.0,0.0,0.0,11.691419,0.0,0.0,0.0,0.0,0.0,0.0,0.0,0.0,0.2522469,0.0,0.0,0.0,0.0,0.0,0.0,0.0,0.0,0.0,0.024653487,0.0,0.0,0.0,0.0,0.0,8.742546,0.0,0.0,0.0,0.0,0.0,0.0,0.0,0.0,0.18183303,0.0,0.0,0.0,0.0,0.0,0.0,0.0,0.1451563,0.0,0.0,0.0,0.0,0.0,0.0,0.0,0.0,0.0,0.0,0.0,0.0,0.0,0.0,0.0,0.0,0.0,0.0,0.0,0.0,0.23115844,0.0,0.0,0.0,0.0,0.0,0.0,0.0,0.0,0.0,0.0,0.0,0.0,0.0,0.0,0.0,0.0,0.0,0.0,0.0,0.0,0.0,0.0,0.0,0.0,0.0,0.0,0.0,0.0,0.0,0.0,0.0,0.0,0.0,0.0,0.0,0.0,1.1153548,0.0,0.0,0.0,0.0,0.0,0.0,0.0,0.0,0.0,0.0,0.0,0.0,0.0,0.0,0.0,0.0,0.0,0.0,0.0,0.0,0.0,0.0,0.0,0.0,0.0,0.0,0.0,0.0,0.0,0.0,0.0,0.0,0.0,0.0,0.0,0.0,0.0,0.0,0.0,0.0,0.0,0.0,0.0,0.0,0.0,0.0,0.0,0.0,0.0,0.0,0.0,0.0,0.0,0.0,0.0,0.0,0.0,0.0,0.0,0.0
95,11.933679,11.670263,11.715179,12.870544,11.755157,13.201332,15.67029,21.391043,19.462517,0.0,0.0,0.0,0.0,14.8583765,10.00915,0.0,12.721405,16.278044,11.126363,0.04527402,0.0,0.0,0.0,0.0,10.092802,0.0,0.0,0.0,0.0,12.558436,0.0,0.0,0.0,0.0,0.0,0.0,0.0,0.0,0.21800497,0.0,0.0,0.0,0.0,0.0,0.0,0.0,0.0,0.0,0.037476443,0.0,0.0,0.0,0.0,0.0,9.636231,0.0,0.0,0.0,0.0,0.0,0.03630957,0.0,0.0,0.15003398,0.0,0.0,0.0,0.0,0.0,0.0,0.0,0.20673993,0.0,0.0,0.0,0.0,0.0,0.0,0.0,0.0,0.0,0.0,0.0,0.0,0.0,0.0,0.0,0.0,0.0,0.0,0.0,0.0,0.26155442,0.0,0.0,0.0,0.0,0.0,0.0,0.0,0.0,0.0,0.0,0.0,0.0,0.0,0.0,0.0,0.0,0.0,0.0,0.0,0.0,0.0,0.0,0.0,0.0,0.0,0.0,0.0,0.0,0.0,0.0,0.0,0.0,0.0,0.0,0.0,0.0,1.1020104,0.0,0.0,0.0,0.0,0.0,0.0,0.0,0.0,0.0,0.0,0.0,0.0,0.0,0.0,0.0,0.0,0.0,0.0,0.0,0.0,0.0,0.0,0.0,0.0,0.0,0.0,0.0,0.0,0.0,0.0,0.0,0.0,0.0,0.0,0.0,0.0,0.0,0.0,0.0,0.0,0.0,0.0,0.0,0.0,0.0,0.0,0.0,0.0,0.0,0.0,0.0,0.0,0.0,0.0,0.0,0.0,0.0,0.0,0.0,0.0
96,10.897123,8.05689,10.222308,17.349493,10.729091,12.45799,13.344559,0.0,19.870218,0.0,0.0,0.0,0.0,9.881058,0.20765352,0.0,0.0,14.65497,0.0,0.0,0.0,11.503872,17.264965,0.0,0.0,0.0,0.0,0.0,12.614389,0.0,0.0,2.6800935,0.05159223,13.104615,0.0,0.0,0.0,0.0,0.15736753,15.126227,0.0,0.0,0.0,0.0,0.0,0.0,0.0,0.0,0.0,0.0,0.0,0.0,0.0,0.0,0.0,0.0,0.48471272,0.0,0.0,0.0,0.0,0.0,0.24427944,0.0,0.0,0.0,0.0,0.0,0.0,0.0,0.08721331,0.0,0.0,0.0,0.0,0.0,0.0,0.0,0.0,0.0,0.0,0.4492364,0.0,1.5291541,0.0,0.0,0.0,0.0,0.0,0.0,0.0,0.0,0.0,0.0,0.0,0.0,0.0,0.0,0.0,0.0,0.0,0.0,0.0,0.0,0.0,0.0,0.0,0.0,0.0,0.0,0.0,0.0,0.0,0.0,0.0,0.0,0.0,0.0,0.0,0.0,0.0,0.0,0.0,0.0,0.0,0.0,0.0,0.0,0.0,1.989857,0.0,0.0,0.0,0.0,0.0,0.0,0.0,0.0,0.0,0.0,0.0,0.0,0.052245975,0.0,0.0,0.0,0.0,0.0,0.0,0.0,0.0,0.0,0.0,0.0,0.0,0.0,0.0,0.0,0.0,0.0,0.0,0.0,0.0,0.0,0.0,0.0,0.0,0.0,0.0,0.0,0.0,0.0,0.0,0.0,0.0,0.0,0.0,0.0,0.0,0.0,0.0,0.0,0.0,0.0,0.0,0.0,0.0,0.0,0.0,0.0
97,9.473074,7.699354,9.417142,15.508644,10.030152,11.09221,12.040968,0.0,17.390766,0.0,0.0,0.0,0.0,9.623291,1.5951924,0.0,0.0,12.976582,0.0,0.0,0.0,8.71401,12.929688,0.0,0.0,0.0,0.0,0.0,9.796501,0.0,0.0,2.1883116,0.0,9.695518,0.0,0.0,0.0,0.0,0.17557827,12.514439,0.0,0.0,0.0,0.0,0.0,0.0,0.0,0.0,0.0,0.0,0.0,0.0,0.0,0.0,0.0,0.0,0.078840256,0.0,0.0,0.0,0.0,0.0,0.10284495,0.0,0.0,0.0,0.0,0.0,0.0,0.0,0.0397525,0.0,0.0,0.0,0.0,0.0,0.0,0.0,0.0,0.0,0.0,0.04714012,0.0,1.1745789,0.0,0.0,0.0,0.0,0.0,0.0,0.0,0.0,0.0,0.0,0.0,0.0,0.0,0.0,0.0,0.0,0.0,0.0,0.0,0.0,0.0,0.0,0.0,0.0,0.0,0.0,0.0,0.0,0.0,0.0,0.0,0.0,0.0,0.0,0.0,0.0,0.0,0.0,0.0,0.0,0.0,0.0,0.0,0.0,0.0,1.8264554,0.0,0.0,0.0,0.0,0.0,0.0,0.0,0.0,0.0,0.0,0.0,0.0,0.0,0.0,0.0,0.0,0.0,0.0,0.0,0.0,0.0,0.0,0.0,0.0,0.0,0.0,0.0,0.0,0.0,0.0,0.0,0.0,0.0,0.0,0.0,0.0,0.0,0.0,0.0,0.0,0.0,0.0,0.0,0.0,0.0,0.0,0.0,0.0,0.0,0.0,0.0,0.0,0.0,0.0,0.0,0.0,0.0,0.0,0.0,0.0
98,32.186066,15.760599,22.467073,32.240547,45.167618,23.151264,0.0,59.385803,42.36696,18.457232,6.87738,40.160328,21.429909,0.0,16.361244,27.285938,13.313116,0.0,0.0,10.438748,27.413736,23.100237,16.011585,0.0,20.06245,39.13749,0.0,0.0,0.0,0.0,9.180342,2.7449932,2.9651818,0.0,33.904186,0.0,0.0,0.0,0.0,0.0,0.0,11.575612,0.0,0.0,0.0,0.0,0.0,8.848278,0.11992967,0.0,0.0,0.0,20.752508,8.199739,0.0,0.0,0.0,0.0,0.0,0.0,2.2080555,0.0,0.0,0.0,5.9725804,0.0,0.0,0.0,0.0,0.0,0.0,0.0,0.0,19.706669,4.8854575,0.6837616,0.0,0.0,0.0,0.0,0.0,10.937826,0.0,6.505193,0.0,0.0,0.0,1.3868506,0.0,0.0,0.0,0.0,0.0,0.7101697,0.0,0.0,0.0,0.0,0.0,0.0,2.6639986,0.0,0.0,0.0,0.0,12.331305,0.41553184,0.0,0.0,0.0,0.0,0.0,0.0,2.964094,0.0,0.0,0.0,0.22224605,0.0,0.0,0.0,0.0,0.0,5.822657,0.0,0.0,0.0,6.9456043,0.0,0.0,0.0,0.0,0.0,0.0,0.0,0.0,0.0,0.0,0.0,0.0,0.0,0.0,0.0,0.0,0.0,0.0,0.0,0.0,0.0,0.0,0.0,0.0,0.0,0.0,0.0,0.0,0.0,0.08669388,0.0,6.888841,0.0,0.0,0.0,0.0,0.0,0.0,0.0,0.0,0.0,0.0,0.0,0.0,0.0,0.0,0.0,0.0,0.0,0.0,0.0,0.0,0.0,0.0,0.0,0.0,0.0,0.0,0.0,0.0,0.0,0.0
99,7.1069293,7.407614,7.6329303,11.183958,8.768312,8.786951,10.204269,7.323033,12.771499,0.33318087,0.0,0.0,0.0,9.679567,5.371375,0.0,3.934941,9.845079,4.7615557,0.04203467,0.0,1.7607766,2.0212374,0.0,0.8245034,0.0,0.0,0.0,3.09126,3.1082578,0.0,0.65569794,0.0,1.4777585,0.0,0.0,0.0,0.0,0.116546184,4.9431973,0.0,0.0,0.0,0.0,0.0,0.0,0.0,0.0,0.0,0.0,0.0,0.0,0.0,0.0,0.68668795,0.0,0.0,0.0,0.0,0.0,0.0,0.0,0.0,0.3302035,0.0,0.0,0.0,0.0,0.0,0.0,0.0,0.0,0.0,0.0,0.0,0.0,0.0,0.0,0.0,0.0,0.0,0.0,0.0,0.2693031,0.0,0.0,0.0,0.0,0.0,0.0,0.0,0.0,0.0,0.0,0.0,0.0,0.0,0.0,0.0,0.0,0.0,0.0,0.0,0.0,0.0,0.0,0.0,0.0,0.0,0.0,0.0,0.0,0.0,0.0,0.0,0.0,0.0,0.0,0.0,0.0,0.0,0.0,0.0,0.0,0.0,0.0,0.0,0.0,0.0,1.3741019,0.0,0.0,0.0,0.0,0.0,0.0,0.0,0.0,0.0,0.0,0.0,0.0,0.0,0.0,0.0,0.0,0.0,0.0,0.0,0.0,0.0,0.0,0.0,0.0,0.0,0.0,0.0,0.0,0.0,0.0,0.0,0.0,0.0,0.0,0.0,0.0,0.0,0.0,0.0,0.0,0.0,0.0,0.0,0.0,0.0,0.0,0.0,0.0,0.0,0.0,0.0,0.0,0.0,0.0,0.0,0.0,0.0,0.0,0.0,0.0
